CATEGORY	BIBTEXKEY	AUTHOR	TITLE	YEAR	TITLE_TRANSLATION	PUBLISHER	ADDRESS	PAGES	BOOKTITLE	BOOKTITLE_TRANSLATION	EDITOR	HOWPUBLISHED	JOURNAL	VOLUME	NUMBER	SCHOOL	NOTE	URL	CONTRIBUTOR	date_added	COMMENT	correction_notes
book	abdullaev1950	Абдуллаев, Сайгид Н.	Русско-даргинский словарь	1950	Russian-Dargwa dictionary	Институт истории, языка и литературы им. Г. Цадасы	Makhachkala				Сулейманов Хизри Ш.								Polina Smyr	30.08.2021	NOT IN THE FOLDER	
book	abdullaev1954	Абдуллаев, Сайгид Н.	Грамматика даргинского языка	1954	Dargwa grammar	ИЯЛИ	Makhachkala															
book	abdullaevaetal2014	Абдуллаева, Айшат З. and Гаджиахмедов, Нурмагомед Э. and Кадыраджиев, Калсын С. and Керимов, Ибрагим А. and Ольмесов, Нурмагомед Х. and Хангишиев, Джангиши М.	Современный кумыкский язык	2014	Contemporary Kumyk	ИЯЛИ	Makhachkala															
misc	abdulmutalibov2005	Абдулмуталибов, Нариман Ш.	Русско-лезгинский разговорник	2005	Russian-Lezgian phrasebook		Makhachkala										Accessed: 2021-12-17	http://cathedra.dgu.ru/Content/files/%D0%A4%D0%B8%D0%BB%D0%BE%D0%BB%D0%BE%D0%B3%D0%B8%D1%87%D0%B5%D1%81%D0%BA%D0%B8%D0%B9%20%D1%84%D0%B0%D0%BA%D1%83%D0%BB%D1%8C%D1%82%D0%B5%D1%82/%D0%9D_%D0%A8_%20%D0%90%D0%B1%D0%B4%D1%83%D0%BB%D0%BC%D1%83%D1%82%D0%B0%D0%BB%D0%B8%D0%B1%D0%BE%D0%B2%20%D0%A0%D1%83%D1%81%D1%81%D0%BA%D0%BE-%D0%BB%D0%B5%D0%B7%D0%B3%D0%B8%D0%BD%D1%81%D0%BA%D0%B8%D0%B9%20%D1%80%D0%B0%D0%B7%D0%B3%D0%BE%D0%B2%D0%BE%D1%80%D0%BD%D0%B8%D0%BA.pdf	Chiara Naccarato	17.12.2021		
incollection	alekseev1994	Alekseev, Mikhail E.	Rutul	1994		Caravan Books	Delmar NY	147--212	The indigenous languages of the Caucasus. Volume 4. Part 2		Smeets, Riek											
incollection	alekseev1994budukh	Alekseev, Mikhail E.	Budukh	1994		Caravan Books	Delmar NY	259--296	The indigenous languages of the Caucasus. Volume 4. Part 2		Smeets, Riek								Polina Nasledskova	05.05.2022		
incollection	alekseev1998	Алексеев, Михаил Е.	Андийский язык	1998	Andi	Academia	Moscow	221--228	Языки мира. Кавказские языки	Languages of the world. Caucasian languages	Алексеев, Михаил Е. and Климов, Георгий А. and Старостин, Сергей А. and Тестелец, Яков Г.								Chiara Naccarato	18.08.2021		
book	alekseevataev1997	Алексеев, Михаил Е. and Атаев, Борис М.	Аварский язык	1997	Avar language	Академия	Moscow												George Moroz	28.04.2021		
book	alekseevetal1998		Языки мира. Кавказские языки	1998	Languages of the world. Caucasian languages	Academia	Moscow				Алексеев, Михаил Е. and Климов, Георгий А. and Старостин, Сергей А. and Тестелец, Яков Г. 								Chiara Naccarato	18.08.2021		
book	alekseevetal2008		Удинский сборник: Грамматика. Лексика. История языка	2008	Udi. Grammar. Lexicon. History of the language	Академия	Moscow				Алексеев, Михаил Е. and Майсак, Тимур А. and Ганенков, Дмитрий С. and Ландер, Юрий А.											
book	alekseevetal2012	Алексеев, Михаил Е. and Атаев, Борис Махаевич and Магомедов, Магомед Абдулкадирович and Магомедов, Магомед Ибрагимович and Мадиева, Гюльжаган Исмаиловна and Саидова, Патимат Абдулаевна and Самедов, Джалиль Самедович	Современный аварский язык	2012	Contemporary Avar language	Aleph	Makhachkala												Samira Verhees			
book	alekseevshixalieva2003	Алексеев, Михаил Е. and Шихалиева, Сабрина Х.	Табасаранский язык	2003	Tabasaran	Академия	Moscow															
incollection	alekseyev2016	Alekseyev, Mikhail	Botlikh	2016		De Gruyter Mouton	Berlin/Boston	3678--3685	Word-Formation. An International Handbook of the Languages of Europe. Volume 5		Müller, Peter O. and Ohnheiser, Ingeborg and Olsen, Susan and Rainer, Franz								Chiara Naccarato	05.02.2021	NOT IN THE FOLDER	
incollection	alekseyev2016rutul	Alekseyev, Mikhail	Rutul	2016		De Gruyter Mouton	Berlin/Boston	3536--3545	Word-Formation. An International Handbook of the Languages of Europe. Volume 5		Müller, Peter O. and Ohnheiser, Ingeborg and Olsen, Susan and Rainer, Franz										corrected spelling of surname + bibtexkey	
misc	alexeyevverheesdraft2020	Alexeyev, Mikhail and Verhees, Samira	Botlikh			De Gruyter Mouton	Berlin/New York		The Caucasian languages. An International Handbook. Volume 1. Nakh-Daghestanian languages: Nakh, Avar-Andic and Tsezic		Koryakov, Yuri B. and Maisak, Timur A. and Kaye, Steven											
book	aliroev1999	Алироев, Ибрагим Ю.	Чеченский язык	1999	The Chechen language	Academia	Moscow												Polina Nasledskova	05.05.2022		
phdthesis	alisultanova2009	Алисултанова, Меседу А.	Лексика андийского языка	2009			Makhachkala									Дагестанский научный центр Российской академии наук  Институт языка, литературы и искусства им. Гамзата Цадасы			Sara Zadykyan		SV: Moved to dictionaries. 	
book	alisultanovsulejmanova2019	Алисултанов, Алисултан С. and Сулейманова, Таисия А.	Рутульско-русский словарь	2019	Rutul-Russian dictionary	АЛЕФ	Makhachkala														there are two versions in  the folder: pdf and xlsx parsed by GM	
book	authier2009	Authier, Gilles	Grammaire kryz	2019		Peeters	Paris												Chiara Naccarato	17.12.2021		
article	authier2010	Authier, Gilles	Azeri morphology in Kryz (East Caucasian)	2010				14--42					Turkic Languages	14					Samira Verhees			
book	authier2012	Authier, Gilles	Grammaire juhuri, ou judéo-tat, langue iranienne des Juifs du Caucase de l’est	2012		Dr. Ludwig Reichert Verlag Wiesbaden	Wiesbaden												Chiara Naccarato			
misc	authierdraft2020	Authier, Gilles	Tindi	2020		De Gruyter Mouton	Berlin/New York		The Caucasian Languages. An International Handbook. Volume 2. Nakh-Daghestanian		Koryakov, Yuri and Maisak, Timur								Samira Verhees			
incollection	authierhaciyev2016	Authier, Gilles and Haciyev, Adigözel	Budugh	2016		De Gruyter Mouton	Berlin/Boston	3546--3563	Word-Formation. An International Handbook of the Languages of Europe. Volume 5		Müller, Peter O. and Ohnheiser, Ingeborg and Olsen, Susan and Rainer, Franz											
misc	aytemirova2007	Айтемирова, Айшат Х.	Функционально-семантическая характеристика послелогов аварского языка и предлогов немецкого языка	2007	Functional-semantic characterization of Avar postpositions and  German prepositions	ИЯЛИ	Makhachkala										Автореферат диссертации на соискание учёной степени кандидата филологических наук		Polina Nasledskova	05.05.2022		
phdthesis	azaev1974	Азаев, Халил Г.	Лексика и словообразование ботлихского языка	1974	Lexicon and word formation in Botlikh		Makhachkala									Дагестанский филиал АН СССР, Институт истории языка и литературы им. Г. Цадасы			Chiara Naccarato	05.02.2021		
incollection	azaev2000	Азаев, Халил Г.	Ботлихский язык	2000	Botlikh	Восток	Moscow/Makhachkala	346--359	Языки Дагестана	Languages of Daghestan	Гамзатов, Гаджи Г.								Chiara Naccarato	05.02.2021		
phdthesis	babaliyeva2013	Babaliyeva, Ayten	Études sur la morphosyntaxe du Tabasaran Littéraire	2013	Studies on the morphosyntax of Standard Tabasaran											École Pratique des Hautes Études			Chiara Naccarato	05.11.2021		
book	bammatov2013	Бамматов, Бурган Г. and Гаджиахмедов, Нурмагомед Э.	Кумыкско-русский словарь	2013	Kumyk-Russian dictionary	ИЯЛИ	Makhachkala											https://til.im/ru/slovar 	Samira Verhees	04.05.2022	the file is a preprint version, probably with "wrong" pages	author names edited, comments and URL added by Timur Maisak
book	baskakov1940	Баскаков, Николай А.	Ногайский язык и его диалекты: грамматика, тексты и словарь	1940	Nogai and its dialects: grammar, texts and dictionary	Издательство Академии наук СССР	Moscow															
book	baskakov1963	Баскаков, Николай А.	Ногайско-русский словарь	1963	Nogai-Russian dictionary	Государственное издательство иностранных и национальных словарей	Moscow												Samira Verhees	04.05.2022		
incollection	baskakov1996	Баскаков, Николай А.	Ногайский язык	1996	Nogai language	Институт языкознания РАН	Moscow	328--335	Языки мира. Тюркские языки	Languages of the world. Turkic languages	Рогова, Наталья В. and Романова, Ольга И. and Черкасова, И. М.								Polina Nasledskova		NOT IN THE FOLDER	editor name
incollection	belyaev2018	Belyaev, Oleg	Aorist, Resultative and Perfect in Shiri Dargwa and beyond	2018		Brill	Leiden	80--119	The semantics of verbal categories in Nakh-Daghestanian languages		Forker, Diana and Maisak, Timur								Samira Verhees			
incollection	boeder2000	Boeder, Winfried	Evidentiality in Georgian	2000		Mouton de Gruyter	Berlin/New York	275--328	Evidentials. Turkic, Iranian and neighbouring languages		Johanson, Lars and Utas, Bo								Samira Verhees	30.03.2021		
book	bokarev1949a	Бокарёв, Анатолий А.	Очерк грамматики чамалинского языка	1949	Grammar sketch of Chamalal	Издательство Академии наук СССР	Moscow/Leningrad															
book	bokarev1949b	Бокарёв, Анатолий А.	Синтаксис аварского языка	1949	Syntax of Avar	Издательство Академии наук СССР	Moscow															
book	bokarev1959	Бокарёв, Евгений А.	Цезские (дидойские) языки Дагестана	1959	Tsezic (Didoic) languages of Daghestan	Академия	Moscow														NOT IN THE FOLDER	
book	bokarev1959tsez	Бокарёв, Евгений А.	Цезский язык	1959	Tsez	Академия	Moscow	175--221	Цезские (дидойские) языки Дагестана	Tsezic (Didoic) languages of Daghestan	Бокарёв, Евгений А.								Chiara Naccarato	06.02.2021		
book	cercvadze1965	Cercvadze, Ilia I.	Andiuri ena 	1965	The Andi language	Mecniereba	Tbilisi															
incollection	chechuro2019	Chechuro, Ilya	Nominal morphology of Mehweb	2019		Language Science Press	Berlin	39--72	The Mehweb language. Essays on phonology, morphology and syntax		Daniel, Michael and Dobrushina, Nina and Ganenkov, Dmitry											
incollection	chumakina2016	Chumakina, Marina	Archi	2016		De Gruyter Mouton	Berlin/Boston	3595--3604	Word-Formation. An International Handbook of the Languages of Europe. Volume 5		Müller, Peter O. and Ohnheiser, Ingeborg and Olsen, Susan and Rainer, Franz										NOT IN THE FOLDER	
incollection	chumakina2018	Chumakina, Marina	Mood in Archi: Realization and semantics	2018		Brill	Leiden	215--246	The semantics of verbal categories in Nakh-Daghestanian languages		Forker, Diana and Maisak, Timur								Chiara Naccarato	17.12.2021		
incollection	chumakinacorbett2008	Chumakina, Marina and Corbett, Greville G.	Archi: the challenge of an extreme agreement system	2008		Языки славянских культур	Moscow	184--194	Фонетика и нефонетика. К 70-летию Сандро В. Кодзасова		Архипов, Александр В. and Федорова, Ольга В.								Chiara Naccarato	02.02.2021		
misc	chumakinaetal2007	Chumakina, Marina and Brown, Dunstan and Corbett, Greville G. and Quilliam, Harley	A dictionary of Archi: Archi-Russian-English (Online edition)	2007		University of Surrey												http://www.smg.surrey.ac.uk/archi-dictionary 	Anastasia Panova	30.08.2021	retrieved from http://dx.doi.org/10.15126/SMG.16/2	URL added by Timur Maisak
incollection	comrie2007	Comrie, Bernard	Tsez (Dido) Morphology	2007		Eisenbrauns	University Park, PA	1193--1204	Morphologies of Asia and Africa		Kaye, Alan S.								Polina Smyr	19.08.2021		
book	comrieetal2015	Comrie, Bernard and Khalilov, Madzhid and Khalilova, Zaira	A grammar of Bezhta	2015		Max Planck Institute for Evolutionary Anthropology	Leipzig												Timofey Mukhin	29.01.2021	проблемный случай, книга на самом деле на русском, но первое название английское. + надо проверить где опубликовали	
incollection	comriepolinsky2007	Comrie, Bernard and Polinsky, Maria	Evidentials in Tsez	2007		Peeters	Louvain/Paris/Dudley MA	335--350	L'Énonciation médiatisée II		Guentchéva, Zlatka and Landabaru, John								Samira Verhees			
incollection	comriepolinskydraft2020	Comrie, Bernard and Polinsky, Maria	Tsez	2020		De Gruyter Mouton	Berlin/New York		The Caucasian Languages. An International Handbook. Volume 2. Nakh-Daghestanian		Koryakov, Yuri and Maisak, Timur								Anastasia Panova	30.08.2021	NOT IN THE FOLDER	
misc	creissels2008	Creissels, Denis	Optative in Akhvakh	2008													Questionnaire					
incollection	creissels2012	Creissels, Denis	External agreement in the converbal construction of Northern Akhvakh	2012		De Gruyter Mouton	Berlin/New York	127--156	Clause linkage in cross-linguistic perspective		Gast, Volker and Diessel, Holger								Samira Verhees			
incollection	creissels2013	Creissels, Denis	Floating genitives and possessive framing in Northern Akhvakh	2013		John Benjamins	Amsterdam/Philadelphia	333--354	The Genitive		Carlier, Anne and Verstraete, Jean-Christophe								Chiara Naccarato	20.08.2021		
incollection	creissels2016	Creissels, Denis	Akhvakh	2016		De Gruyter Mouton	Berlin/Boston	3685--3694	Word-Formation. An International Handbook of the Languages of Europe. Volume 5		Müller, Peter O. and Ohnheiser, Ingeborg and Olsen, Susan and Rainer, Franz										NOT IN THE FOLDER	
incollection	creissels2018	Creissels, Denis	Perfective tenses and epistemic modality in Northern Akhvakh	2018		Brill	Leiden	166--187	The semantics of verbal categories in Nakh-Daghestanian languages		Forker, Diana and Maisak, Timur											
misc	creisselsdraft2020	Creissels, Denis	A sketch of Northern Akhvakh	2020		De Gruyter Mouton	Berlin/New York		The Caucasian Languages. An International Handbook. Volume 2. Nakh-Daghestanian		Koryakov, Yuri and Maisak, Timur											
incollection	daniel2001	Даниэль, Михаил А.	Падеж и локализация 	2001	Case and localization	Наследие	Moscow	203--230	Багвалинский язык. Грамматика, тексты, словари	The Bagvalal language. Grammar, texts, dictionaries	Кибрик, Александр Е. and Лютикова, Екатерина А. and Татевосов, Сергей Г.								Chiara Naccarato	20.08.2021		
incollection	daniel2001a	Даниэль, Михаил А.	Предикатно-аргументное ядро	2001	Case marking of core arguments	Наследие	Moscow	369--376	Багвалинский язык. Грамматика, тексты, словари	The Bagvalal language. Grammar, texts, dictionaries	Кибрик, Александр Е. and Лютикова, Екатерина А. and Татевосов, Сергей Г.								Elena Shvedova	15.02.2023		
misc	daniel2006	Daniel, Michael	Reported speech in Archi: a new approach to the old data	2006													Morphosyntaxe des langues du Caucase, 11-14.12.2006, INALCO Paris. Handout		Samira Verhees			
book	danieletal2019		The Mehweb language. Essays on phonology, morphology and syntax	2019		Language Science Press	Berlin				Daniel, Michael and Dobrushina, Nina and Ganenkov, Dmitry											
incollection	daraganmaisak2001	Дараган, Юлия В. and Майсак, Тимур А.	Частицы, союзы и транскатегориальные показатели	2001	Particles, conjunctions and transcategorical markers	Наследие	Moscow	173--184	Багвалинский язык. Грамматика, тексты, словари	The Bagvalal language. Grammar, texts, dictionaries	Кибрик, Александр Е. and Лютикова, Екатерина А. and Татевосов, Сергей Г.								Chiara Naccarato	08.02.2021		
book	desheriev1953	Дешериев, Юнус Д.	Бацбийский язык	1953	Tsova-Tush language	Академия	Moscow															
book	desheriev1959	Дешериев, Юнус Д.	Грамматика хиналугского языка	1959	Khinalug grammar	Академия	Moscow															
book	desheriev1963	Дешериев, Юнус Д.	Сравнительно-историческая грамматика нахских языков и проблемы происхождения и исторического развития горских кавказских народов	1963	Historical-comparative grammar of Nakh languages and the origin and historical development of Caucasian mountain peoples	Чечено-Ингушское книжное издательство	Grozny												Samira Verhees			
incollection	desherieva1999	Дешериевa, Tамара И.	Нахские языки	1999	Nakh languages	Российская академия наук	Moscow	166--173	Языки мира. Кавказские языки.	Languages of the World. Caucasian Languages.	Алексеев, Михаил Е. and Климов, Георгий А. and Старостин, Сергей А. and Тестелец, Яков Г.								Samira Ochs			
book	dirr1906	Дирр, Адольф	Краткий грамматический очерк андийского языка с текстами,сборником андийских слов и русским к нему указателем.	1906	Brief outline of Andi language with a compilation of Andi words and Russian index		Tbilisi												Polina Smyr	11.03.2021		
book	dmitriev1940	Дмитриев, Николай К.	Грамматика кумыкского языка	1940	Kumyk grammar	Академия	Moscow															
incollection	dobrushina2011	Dobrushina, Nina  	The optative domain in East Caucasian languages	2011		Brockmeyer	Bochum 	95--130	Tense, aspect, modality and finiteness in East Caucasian languages		Authier, Gilles and Maisak, Timur										NOT IN THE FOLDER	
incollection	dobrushina2019	Dobrushina, Nina  	Moods of Mehweb	2019		Language Science Press	Berlin	117--165	The Mehweb language. Essays on phonology, morphology and syntax		Daniel, Michael and Dobrushina, Nina and Ganenkov, Dmitry								Chiara Naccarato	17.12.2021		
incollection	dobrushinaetal1996	Dobrushina, Nina and Kibrik, Aleksandr and Tatevosov, Sergei	Verbs	1996		Lincom Europa	Munich/Newcastle	44--74	Godoberi		Kibrik, Alexandr E. and Tatevosov, Sergej G. and Eulenberg, Alexander								Samira Verhees			
incollection	dobrushinatatevosov1996	Dobrushina, Nina and Tatevosov, Sergei	Usage of verbal forms	1996		Lincom Europa	Munich/Newcastle	91--106	Godoberi		Kibrik, Alexandr E. and Tatevosov, Sergej G. and Eulenberg, Alexander											
book	dum-tragut2009	Dum-Tragut, Jasmine	Armenian	2009		John Benjamins	Amsterdam/Philadelphia															
book	dzhidalaev1994	Джидалаев, Нурислам С.	Русско-лакский словарь	1994	Russian-Lak dictionary	Институт истории, языка и литературы им. Г. Цадасы	Makhachkala												Anastasia Panova	30.08.2021	NOT IN THE FOLDER	
misc	dzhidalaevetal2022	Джидалаев, Нурислам С. and Магомедова, Заграт Дж. and Халилов, Маджид Ш.	Словарь хваршинского языка	2022	Khwarshi dictionary	ИЯЛИ	Makhachkala												Chiara Naccarato	17.12.2021	NOT IN THE FOLDER	
phdthesis	eldarova1995	Эльдарова, Роза Г.	Морфология лакского глагола	1995	Morphology of the Lak verb		Makhachkala									ИПЦ ДГУ			Chiara Naccarato	17.12.2021		
incollection	fedorova1996	Fedorova, Olga 	Usage of nominal forms	1996		Lincom Europa	Munich/Newcastle	76--91	Godoberi		Kibrik, Alexandr E. and Tatevosov, Sergej G. and Eulenberg, Alexander								Chiara Naccarato	08.02.2021		
book	forker2013	Forker, Diana	A grammar of Hinuq	2013		De Gruyter Mouton	Berlin/Boston															
incollection	forker2014	Forker, Diana	The grammar of knowledge in Hinuq	2014		Oxford University Press	Oxford	52--68	The grammar of knowledge. A cross-linguistic typology		Aikhenvald, Alexandra Y. and Dixon, R.M.W.											
incollection	forker2018avar	Forker, Diana	The semantics of evidentiality and epistemic modality in Avar	2018		Brill	Leiden	188--214	The semantics of verbal categories in Nakh-Daghestanian languages		Forker, Diana and Maisak, Timur								Samira Verhees		NOT IN THE FOLDER	
article	forker2018b	Forker, Diana	Gender agreement is different	2018				865--894					Linguistics	56	4				Chiara Naccarato	18.08.2021		
article	forker2019	Forker, Diana	The impact of language contact on Hinuq: Phonology, morphology, syntax, and lexicon	2019				221--253					Language Typology and Universals	72	2							
article	forker2019b	Forker, Diana	Reported speech constructions in Sanzhi Dargwa and their extension to other areas of grammar	2019				171--199					Sprachwissenschaft	44					Samira Verhees			
book	forker2020dargwa	Forker, Diana	A grammar of Sanzhi Dargwa	2020		Language Science Press	Berlin															
misc	forkerdraft2020	Forker, Diana	Avar grammar sketch	2020		Oxford University Press	Oxford		Oxford Handbook of Languages of the Caucasus		Polinsky, Maria											
article	friedman1984	Friedman, Victor A.	Status in the Lak verbal system	1984				135--149					Folia Slavica	7	1/2				Samira Verhees			
incollection	friedman2007	Friedman, Victor A.	The expression of speaker subjectivity in Lak (Daghestan)	2007		Peeters	Louvain/Paris/Dudley MA	351--376	L'Énonciation médiatisée II		Guentchéva, Zlatka and Landabaru, John											
book	gadzhiakhmedov2000	Гаджиахмедов, Нурмагомед Э.	Словоизменительные категории имени и глагола в кумыкском языке	2000	Nominal and verbal inflectional categories in Kumyk	Юпитер	Makhachkala															
phdthesis	gadzhieva2007	Гаджиева, Марьям З.	Фонетические и морфологические особенности тукитинского диалекта каратинского языка	2007												Дагестанский государственный педагогический университет			Samira Verhees			
misc	gadzhimagomedov2019	Гаджимагомедов, М. З.	Анчихский язык (рукопись)	2019	Anchiq (manuscript)												manuscript		Chiara Naccarato	17.12.2021		author name
incollection	ganenkov2008	Ганенков, Дмитрий С.	Морфологическая и семантическая характеристика падежей удинского языка	2008	Morphological and semantic characteristics of Udi	Академия	Moscow	11--53	Удинский сборник: грамматика, лексика, история языка	Udi. Grammar. Lexicon. History of the language	Алексеев, Михаил Е. and Майсак, Тимур А. and Ганенков, Дмитрий С. and Ландер, Юрий А.											
misc	ganenkovetal2009	Ганенков, Дмитрий С. and Майсак, Тимур А. and Мерданова, Солмаз Р.	Дискурсивная анафора в агульском языке	2009	Discourse anaphora in Agul	Институт языкознания РАН	Moscow		НеФестшрифт: Статьи в подарок (к юбилею А.Е. Кибрика)	Non-Festschrift: Papers dedicated to A.E. Kibrik for his anniversary								http://otipl.philol.msu.ru/~kibrik/content/pdf/Ganenkov_etal.pdf	Timofey Mukhin			editor, page number
book	ganieva2002	Ганиева, Фаида А.	Хиналугско-русский словарь	2002	Khinalug-Russian dictionary	ДНЦ РАН	Makhachkala												Anastasia Panova	30.08.2021		
book	gasanova1971	Гасанова, Саида М.	Очерки даргинской диалектологии	1971	Essays on Dargwa dialectology	Институт истории, языка и литературы им. Г. Цадасы	Makhachkala												Anastasia Panova	30.08.2021		
book	gaydarovetal2009	Гайдаров, Раджидин. И. and Гюльмагомедов, Ахмедуллах Г. and Мейланова, Унеизат А. and Талибов, Букар Б.	Современный лезгинский язык	2009	Modern Lezgian	Дагестанский научный центр Российской академии наук Институт языка, литературы и искусства им. Гамзата Цадасы	Makhachkala												George Moroz	06.08.2021		
book	gimbatov2006	Гимбатов, М. М.	Аварско-русский словарь (рукопись)	2006	Avar-Russian dictionary (manuscript)	ДНЦ РАН	Makhachkala											http://avar.me/	Anastasia Panova		the file is a preprint version, probably with "wrong" pages (the dictionary has never appeared as a book, as for Feb. 2024)	author name; comment and link added by Timur Maisak 
book	griunberg1963	Грюнберг, Александр Л.	Язык североазербайджанских татов	1963	The language of the Northern Azerbaijani Tats	Издательство академии наук СССР	Leningrad												Aigul Zakirova	21.09.21		
book	gudava1962	Gudava, Togo E.	Botlixuri ena	1962	The Botlikh language	Mecniereba	Tbilisi															
incollection	gudava1967	Гудава, Того Е.	Ботлихский язык	1967	Botlikh	Наука	Moscow 	293--306	Языки народов СССР. Том 4. Иберийско-кавказские языки	Languages of the peoples of USSR. Volume 4. Ibero-caucasian languages	Бокарев, Евгений А. and Ломатидзе, К.								Chiara Naccarato	05.02.2021		
book	gukasyan1974	Гукасян, Ворошил	Удинско-азербайджанско-русский словарь	1974	Udi-Azerbaijani-Russian dictionary	Элм	Baku												George Moroz	29.04.2021		
book	harris2002	Harris, Alice C.	Endoclitics and the origins of Udi morphosyntax	2002		Oxford University Press	Oxford												Chiara Naccarato	19.08.2021		
book	haspelmath1993	Haspelmath, Martin	A grammar of Lezgian	1993		Mouton de Gruyter	Berlin/New York															
incollection	haspelmath1996	Haspelmath, Martin	Complement clauses	1996		Lincom Europa	Munich/Newcastle	174--196	Godoberi		Kibrik, Alexandr E. and Tatevosov, Sergej G. and Eulenberg, Alexander											
book	hewitt1995	Hewitt, George	Georgian. A Structural Reference Grammar	1995		School of Oriental and African Studies, University of London	London						London Oriental and African Language Library	2		University of London			Polina Smyr	30.08.2021		
book	hewitt2005	Hewitt, George	Georgian. A Learner's Grammar	2005		Routledge	London/New York												Chiara Naccarato			
incollection	holiskygagua1994	Holisky, Dee Ann and Gagua, Rusudan	Tsova-Tush (Batsbi)	1994		Caravan Books	Delmar NY	147--212	The indigenous languages of the Caucasus. Volume 4. Part 2		Smeets, Riek								Samira Verhees	28.01.2021		
book	ibragimov1978	Ибрагимов, Гарун Х.	Рутульский язык	1978	Rutul	Академия Наук СССР	Moscow												Chiara Naccarato	19.08.2021	NOT IN THE FOLDER	
book	ibragimov1990	Ибрагимов, Гарун Х.	Цахурский язык	1990	Tsakhur language	Наука	Moscow												George Moroz	28.04.2021		
book	ibragimov2004	Ибрагимов, Гарун Х.	Рутульский язык	2004	Rutul	Народы Дагестана	Makhachkala															
book	ibragimovnurmamedov2010	Ибрагимов, Гарун Х. and Нурмамедов, Юнус М.	Цахурско-русский словарь	2010	Tsakhur-Russian dictionary	Дагестанский Государственный Педагогический Университет	Makhachkala												Samira Verhees	31.01.2021		
book	isaev2001	Исаев, Мамогед-Шапи А. 	Русско-даргинский словарь	2001	Russian-Dargwa dictionary	Институт истории, языка и литературы им. Г. Цадасы	Makhachkala												Anastasia Panova	30.08.2021	the file is a preprint version, probably with "wrong" pages	comment added by Timur Maisak
book	isakovxalilov2001	Исаков, Исак А. and Халилов, Маджид Ш.	Гунзибско-русский словарь	2001	Hunzib-Russian dictionary	ДНЦ РАН Институт языка, литературы и искусства им. Г. Цадасы и Институт эволюционной антропологии им. М. Планка	Makhachkala												Chiara Naccarato	31.01.2021		
book	isakovxalilov2012	Исаков, Исак А. and Халилов, Маджид Ш.	Гунзибский язык (Фонетика. Морфология. Словообразование. Лексика. Тексты)	2012	Hunzib (Phonetics, Morphology, Word-Formation, Lexicon, Texts)	Институт истории, языка и литературы им. Г. Цадасы	Makhachkala												Anastasia Panova	30.08.2021	NOT IN THE FOLDER	
book	ismailova2011	Исмаилова, Эминат И.	Русско-рутульский словарь	2011	Russian-Rutul dictionary	ДНЦ РАН Институт языка, литературы и искусства им. Г. Цадасы и Институт эволюционной антропологии им. М. Планка	Makhachkala												Chiara Naccarato	31.01.2021		
book	jakovlev1940	Яковлев, Николай Ф.	Синтаксис чеченского литературного языка	1940	Syntax of Standard Chechen	Издательство Академии Наук СССР	Moscow/Leningrad												Polina Nasledskova	05.05.2022		
book	jakovlev1960	Яковлев, Николай Ф.	Морфология чеченского языка	1960	Chechen morphology	Издательство Академии наук СССР	Grozny															
incollection	johanson2018	Johanson, Lars	Turkic indirectivity	2018		Oxford University Press	Oxford	510--524	The Oxford Handbook of Evidentiality		Aikhenvald, Alexandra Y.											
incollection	kalinina1999	Калинина, Елена Ю.	Предложения с именным сказуемым	1999	Clause with a nominal subject	Наследие	Moscow	420--448	Элементы цахурского языка в типологическом освещении	Elements of Tsakhur grammar in a typological perspective	Кибрик, Александр Е.								Chiara Naccarato	05.11.2021		
book	kalmykovasarueva1973	Калмыкова, Софья А. and Саруева, Мария Ф.	Грамматика ногайского языка	1973	Nogai grammar	Ставропольское книжное издательство	Cherkessk												Samira Verhees	28.01.2021		
book	kankava2001	Канкава, Михаил В.	Грузинско-русский словарь	2001	Georgian-Russian dictionary	Сакартвелос мацие	Tbilisi												Polina Smyr	30.08.2021		
book	karasaevmaciev1978	Карасаев, Айсаш Т. and Мациев, Ахмет Г.	Русско-чеченский словарь	1978	Russian-Chechen dictionary	Русский язык	Moscow												Chiara Naccarato	05.02.2021		
misc	kasplingua	NA	KaspLingua	2016													Accessed: 2021-12-17	https://kasplingua.ru/speaks/%d1%80%d0%b0%d0%b7%d0%b3%d0%be%d0%b2%d0%be%d1%80%d0%bd%d1%8b%d0%b5-%d1%84%d1%80%d0%b0%d0%b7%d1%8b-%d0%bd%d0%b0-%d0%bb%d0%b0%d0%ba%d1%81%d0%ba%d0%be%d0%bc-%d1%8f%d0%b7%d1%8b%d0%ba%d0%b5/	Chiara Naccarato	17.12.2021		author?
misc	kayeetaldraft2020	Kaye, Stephen and Martynova, Aleksandra and Moroz, George and Rochant, Neige and Verhees, Samira and Zakirova, Aigul	A sketch of Andi (Zilo dialect)	2020		De Gruyter Mouton	Berlin/New York		The Caucasian Languages. An International Handbook. Volume 2. Nakh-Daghestanian		Koryakov, Yuri and Maisak, Timur								Samira Verhees			
book	kazenin2013	Казенин, Константин И.	Синтаксис современного лакского языка	2013	Syntax of contemporary Lak	ИЯЛИ	Makhachkala															
book	kerimov1985	Керимов, Керим Р.	Глагол хиналугского языка	1985	Verbs of Khinalug	Институт истории, языка и литературы им. Г. Цадасы	Makhachkala															
book	khajdakov1962	Хайдаков, Саид М.	Лакско-русский словарь	1962	Lak-Russian dictionary	Государственное издательство иностранных и национальных словарей	Moscow												Samira Verhees		Editor Л.И.Жирков, but I think it is usually attributed to the compiler only.	
book	khajdakov1966	Хайдаков, Саид М.	Очерки по лакской диалектологии	1966	Sketches of Lak dialectology	Наука	Moscow												Chiara Naccarato	19.08.2021	NOT IN THE FOLDER	
phdthesis	khalilova2009	Khalilova, Zaira	A grammar of Khwarshi	2009												University of Leiden						
article	khalilova2011	Khalilova, Zaira	Evidentiality in Tsezic languages	2011				30--48					Linguistic Discovery	9	2							
book	kibrik1977	Кибрик, Александр Е.	Опыт структурного описания арчинского языка. Том {II}. Таксономическая грамматика	1977	Structural description of Archi. Volume II. Taxonomic grammar	Издательство Московского университета	Moscow															
book	kibrik1977dict	Кибрик, Александр Е.	Арчинский язык. Тексты и словари	1977	Archi. Texts and dictionaries	Издательство Московского университета	Moscow												Chiara Naccarato	02.02.2021		
book	kibrik1977dynamic	Кибрик, Александр Е.	Опыт структурного описания арчинского языка. Том {III}. Динамическая грамматика	1977	Structural description of Archi. Volume III. Dynamic grammar	Издательство Московского университета	Moscow												Chiara Naccarato	02.02.2021		
book	kibrik1977vocphon	Кибрик, Александр Е. and Кодзасов, Сандро В. and Оловянникова, Ирина П. and Самедов, Д. С.	Опыт структурного описания арчинского языка. Том {I}. Лексика и фонетика	1977	Structural description of Archi. Volume I. Vocabulary and phonetics	Издательство Московского университета	Moscow												Maksim Melenchenko	11.08.2021		author name
incollection	kibrik1985	Kibrik, Andrej A.	Absentiv-aorist und resultativ in der andischen Sprache	1985		Friedrich Schiller Universität	Jena	55--66	Sprachen Europas und Asiens		Fähnrich, Heinz								Samira Verhees	13.10.2021		
incollection	kibrik1994a	Kibrik, Aleksandr E.	Archi	1994		Caravan Press	Delmar, NY	297--365	The Indigenous Languages of the Caucasus. Vol. 4: The Northeast Caucasian Languages. Part 2		Smeets, Rieks								Chiara Naccarato	19.08.2021	NOT IN THE FOLDER	
incollection	kibrik1994b	Kibrik, Aleksandr E.	Khinalug	1994		Caravan Press	Delmar, NY	367--406	The Indigenous Languages of the Caucasus. Vol. 4: The Northeast Caucasian Languages. Part 2		Smeets, Rieks								Chiara Naccarato	19.08.2021	NOT IN THE FOLDER	
book	kibrik1999		Элементы цахурского языка в типологическом освещении	1999	Elements of Tsakhur grammar in a typological perspective	Наследие	Moscow				Кибрик, Александр Е.								Samira Verhees	28.01.2021		
incollection	kibrik1999sem	Кибрик, Александр Е.	Семантическая эргативность	1999	Semantic ergativity	Наследие	Moscow	347--353	Элементы цахурского языка в типологическом освещении	Elements of Tsakhur grammar in a typological perspective	Кибрик, Александр Е.								Chiara Naccarato	05.11.2021		
book	kibrik2001		Багвалинский язык. Грамматика, тексты, словари	2001	The Bagvalal language. Grammar, texts, dictionary	Наследие	Moscow				Кибрик, Александр Е. and Казенин, Константин И. and Лютикова, Екатерина А. and Татевосов, Сергей Г.											
book	kibriketal1972	Кибрик, Александр Е. and Кодзасов, Сандро В. and Оловянникова, Ирина П.	Фрагменты грамматики хиналугского языка	1972	Fragments of Khinalug grammar	Издательство Академии наук СССР	Moscow															
book	kibriketal1996		Godoberi	1996		Lincom Europa	Munich/Newcastle				Kibrik, Alexandr and Tatevosov, Sergej and Eulenberg, Alexander											
book	kibrikkodzasov1990	Кибрик, Александр Е. and Кодзасов, Сандро В.  	Сопоставительное изучение дагестанских языков. Имя. Фонетика	1990	A comparative study of Daghestanian languages. Noun. Phonetics	Издательство Академии наук СССР	Moscow															
incollection	kozhukhar2019	Kozhukhar, Aleksandra	The self-pronoun in Mehweb	2019		Language Science Press	Berlin	271--293	The Mehweb language. Essays on phonology, morphology and syntax		Daniel, Michael and Dobrushina, Nina and Ganenkov, Dmitry								Chiara Naccarato	08.02.2021		
incollection	kozintseva2000	Kozintseva, Natalia A.	Perfect forms as a means of expressing evidentiality in Modern Eastern Armenian	2000		Mouton de Gruyter	Berlin/New York	401--418	Evidentials. Turkic, Iranian and neighbouring languages		Johanson, Lars and Utas, Bo								Samira Verhees			
misc	kumyktil	NA	Къумукъ тил	2021													Accessed: 2021-12-17	https://кумыкский-язык.рф/ru/slovar	Chiara Naccarato	17.12.2021		author?
book	maciev1961	Мациев, Ахмет Г.	Чеченско-русский словарь	1961	Chechen-Russian dictionary	Государственное издательство иностранных и национальных словарей	Moscow												Anastasia Panova	30.08.2021		
book	madieva1965	Мадиева, Гюльшахан И.	Грамматический очерк бежтинского языка	1965	Grammatical profile of Bezhta	ДГУ	Makhachkala															
book	magomedbekova1967	Магомедбекова, Загидат М.	Ахвахский язык	1967	Akhvakh	Мецниереба	Tbilisi															
book	magomedbekova1971	Магомедбекова, Загидат М.	Каратинский язык	1971	Karata 	Мецниереба	Tbilisi															
incollection	magomedbekova1998	Магомедбекова, Загидат М.	Тиндинский язык	1998	Tindi	Academia	Moscow	25--32	Языки мира. Кавказские языки	Languages of the world. Caucasian languages	Алексеев, Михаил Е. and Климов, Георгий А. and Старостин, Сергей А. and Тестелец, Яков Г.								Chiara Naccarato	19.08.2021		
incollection	magomedbekova2001	Магомедбекова, Загидат М.	Ботлихский язык	2001	Botlikh	Academia	Moscow	228--236	Языки мира. Кавказские языки	Languages of the world. Caucasian languages	Алексеев, Михаил Е. and Климов, Георгий А. and Старостин, Сергей А. and Тестелец, Яков Г.								Chiara Naccarato	05.02.2021		
book	magomedova1999	Магомедова, Патимат Т.	Чамалинско-русский словарь	1999	Chamalal-Russian dictionary	ИЯЛИ	Makhachkala															
book	magomedova2003	Магомедова, Патимат Т.	Тиндинско-русский словарь	2003	Tindi-Russian dictionary	ИЯЛИ	Makhachkala															
book	magomedova2004	Магомедова, Патимат Т.	Багвалинско-русский словарь	2004	Bagvalal-Russian dictionary	ИЯЛИ	Makhachkala															
book	magomedova2012	Магомедова, Патимат Т.	Тиндинский язык	2012	Tindi	ИЯЛИ	Makhachkala															
book	magomedovaabdulaeva2007	Магомедова, Патимат Т. and Абдулаева, Индира А.	Ахвахско-русский словарь	2007	Akhvakh-Russian dictionary	ИЯЛИ	Makhachkala												Samira Verhees			
book	magomedovaxalidova2001	Магомедова, Патимат Т. and Халидова, Рашидат Ш.	Каратинско-русский словарь	2001	Karata-Russian dictionary	ИЯЛИ	Makhachkala															
book	magomedovsaidovakutta2017	Магомедов, Амирбек Д. and Саидов-Аккутта, Набигулла И.	Кубачинско-русский словарь (рукопись)	2017	Kubachi-Russian dictionary (manuscript)	Наука	Saint-Petersburg												Polina Smyr	24.08.2021	the file is a preprint version, probably with "wrong" pages	comment added by Timur Maisak
book	magometov1963	Магометов, Александр А.	Кубачинский язык	1963	Kubachi	Академия Наук Грузинской ССР	Tbilisi															
book	magometov1965	Магометов, Александр А.	Табасаранский язык: исследование и тексты	1965	Tabasaran: research and texts	Мецниереба	Tbilisi															
book	magometov1970	Магометов, Александр А.	Агульский язык	1970	Agul	Мецниереба	Tbilisi															
book	magometov1982	Магометов, Александр А.	Мегебский диалект даргинского языка: исследование и тексты	1982	Mehweb dialect of Dargwa: research and texts	Мецниереба	Tbilisi												Polina Nasledskova			
misc	maisak2006	Майсак, Тимур А.	Краткий русско-удинский разговорник (Ниджский диалект) 	2006	Short Udi phrasebook (Nizh dialect)												Accessed: 2021-12-17	http://udilang.narod.ru/texts/Udirazgovornik.pdf	Chiara Naccarato	17.12.2021		
incollection	maisak2008	Майсак, Тимур А.	Глагольная парадигма удинского языка (Ниджский диалект)	2008	Verb paradigm in Udi (Nizh dialect)	Академия	Moscow	96--161	Удинский сборник: грамматика, лексика, история языка	Udi. Grammar. Lexicon. History of the language	Алексеев, Михаил Е. and Майсак, Тимур А. and Ганенков, Дмитрий С. and Ландер, Юрий А.											
book	maisak2014	Майсак, Тимур А.	Агульские тексты 1900-1960-х годов.	2014	Agul texts of the 1900-1960s	Academia	Moscow												Corrected (Chiara Naccarato)	01.02.2021		
incollection	maisak2016	Майсак, Тимур А.	Перфект и аорист в ниджском диалекте удинского языка	2016	Perfect and aorist in the Nizh dialect of Udi	Наука	Saint-Petersburg	315--378	Типология перфекта		Майсак, Тимур А. and Плунгян, Владимир А. and Семёнова, Ксения П.											
misc	maisak2016andi	Майсак, Тимур А.	Глагольная система рикванинского говора андийского языка: формообразование	2016	The verbal system of the Rikvani dialect of Andi: inflection	Handout													Samira Verhees			
misc	maisak2017	Maisak, Timur	Tense and aspect among the factors conditioning the distribution of quotatives: data from Andi	2017								Paper presented at the 12th Conference of the Association for Linguistic Typology (ALT), Workshop Reported speech as a syntactic domain, 15.12.2017, Canberra					12th Conference of the Association for Linguistic Typology (ALT) Workshop ``Reported speech as a syntactic domain'' Canberra, 15 December 2017. Hand-out					
incollection	maisak2018	Maisak, Timur	The Aorist/Perfect distinction in Nizh Udi	2018		Brill	Leiden	120--165	The semantics of verbal categories in Nakh-Daghestanian languages		Forker, Diana and Maisak, Timur											
misc	maisak2020	Maisak, Timur	Affixal, phrasal and clausal caritives in Nakh-Daghestanian	2020															Anastasia Panova	30.08.2021	this is a conference abstract	
incollection	maisak2021	Maisak, Timur	Structural and functional variations of the perfect in Lezgic languages	2021		John Benjamins	Amsterdam	88--115	The perfect volume		Eide, Kristin Melum and Fryd, Marc								Samira Verhees	18.05.2022	SV: added to folder	
incollection	maisakchumakina2001	Майсак, Тимур А. and Чумакина, Марина Э.	Дискурсивные частицы	2001	Discursive particles	Наследие	Moscow	702--723	Багвалинский язык. Грамматика, тексты, словари	The Bagvalal language. Grammar, texts, dictionaries	Кибрик, Александр Е. and Лютикова, Екатерина А. and Татевосов, Сергей Г.											
incollection	maisakganenkov2016	Maisak, Timur and Ganenkov, Dmitry 	Aghul	2016		De Gruyter Mouton	Berlin/Boston	3579--3594	Word-Formation. An International Handbook of the Languages of Europe. Volume 5		Müller, Peter O. and Ohnheiser, Ingeborg and Olsen, Susan and Rainer, Franz											
article	maisakmerdanova2002	Майсак, Тимур А. and Мерданова, Солмаз Р.	Категория эвиденциальности в агульском языке	2002	The category of evidentiality in Agul			102--112					Кавказоведение	1								
book	maisakmerdanova2002b	Майсак, Тимур А. and Мерданова, Солмаз Р.	Глагольная система хпюкского говора агульского языка	2002	Verb system of Huppuk Agul	Manuscript															NOT IN THE FOLDER	
incollection	maisakmerdanova2016	Майсак, Тимур А. and Мерданова, Солмаз Р.	Перфект и смежные значения в агульском языке	2016	The perfect and adjacent meanings in Agul	Наука	Saint-Petersburg	379--422	Типология перфекта	Typology of the perfect	Майсак, Тимур А. and Плунгян, Владимир А. and Семёнова, Ксения П.								Samira Verhees			
article	maisaktatevosov1998	Майсак, Тимур А. and Татевосов, Сергей Г.	Кодирование эпистемического статуса средствами морфосинтаксиса	1998	Encoding of epistemic status with morphosyntactic means			60--88					Вопросы языкознания		1				Samira Verhees			
incollection	maisaktatevosov2001	Майсак, Тимур А. and Татевосов, Сергей Г.	Эвиденциальность	2001	Evidentiality	Наследие	Moscow	293--318	Багвалинский язык. Грамматика, тексты, словари	The Bagvalal language. Grammar, texts, dictionaries	Кибрик, Александр Е. and Лютикова, Екатерина А. and Татевосов, Сергей Г.											
incollection	maisaktatevosov2007	Maisak, Timur and Tatevosov, Sergei	Beyond evidentiality and mirativity. Evidence from Tsakhur	2007		Peeters	Louvain/Paris/Dudley MA	377--406	L'Énonciation médiatisée II		Guentchéva, Zlatka and Landabaru, John											
book	mallaeva2007	Маллаева, Зулайхат М.	Глагол аварского языка: структура, семантика, функции	2007	The verb in Avar: structure, semantics, functions	ИЯЛИ	Makhachkala															
incollection	martzloff2017	Martzloff, Vincent	The derivational history of ordinal numbers in Armenian, Georgian and other Caucasian languages	2017		Институт языка, литературы и искусства им. Гамзата Цадасы ДНЦ РАН	Makhachkala	154--158	Historical linguistics of the Caucasus: Book of abstracts		Authier, Gilles and Gérardin, Hélène and Magomedov, Magomed and Maisak, Timur								Maksim Melenchenko	09.11.2021		
phdthesis	maxmudova2002	Махмудова, Светлана М.	Грамматические классы слов и грамматические категории рутульского языка	2002	Grammatical word classes and grammatical categories of Rutul											ДГУ						
book	mejlanova1984	Мейланова, Унеизат А.	Будухско-русский словарь	1984	Budukh-Russian dictionary	Наука	Moscow												Chiara Naccarato	31.01.2021		
book	merdanova2004	Мерданова, Солмаз Р.	Морфология и грамматическая семантика агульского языка (на материале хпюкского говора) 	2004	Morphology and grammatical semantics of Agul language based on Khpyuk dialect	РАН ИЯ	Moscow												Corrected (Chiara Naccarato)	01.02.2021		
book	mikailov1967	Микаилов, Казбек Ш.	Арчинский язык	1967	Archi	ИЯЛИ	Makhachkala															
book	mobili2010	Мобили, Роберт Б.	Удинско-азербайджанско-русский словарь	2010	Udi-Azerbaijani-Russian dictionary	Леман	Baku												Polina Smyr	30.08.2021		
misc	molochieva2007	Molochieva, Zarina	Category of evidentiality and mirativity in Chechen	2007								Paper presented at the Conference on the Languages of the Caucasus, 7-9.12.2007, Max Planck Institute EVA, Leipzig					Conference on the Languages of the Caucasus, 7-9.12.2007, Max Planck Institute EVA, Leipzig. Hand-out					
phdthesis	molochieva2010	Molochieva, Zarina	Tense, aspect and mood in Chechen	2010												Universität Leipzig						
incollection	moroz2019	Moroz, George	Phonology of Mehweb	2019		Language Science Press	Berlin	17--37	The Mehweb language. Essays on phonology, morphology and syntax		Daniel, Michael and Dobrushina, Nina and Ganenkov, Dmitry								George Moroz	12.08.2021		
misc	morozetaldraft2021	Moroz, George and Naccarato, Chiara and Verhees, Samira	Godoberi	2021		De Gruyter Mouton	Berlin/New York		The Caucasian Languages. An International Handbook. Volume 2. Nakh-Daghestanian		Koryakov, Yuri and Maisak, Timur								George Moroz	12.08.2021		
book	musaev2002	Мусаев, Магомед-Саид М.	Даргинский язык	2002	The Dargwa language	Академия	Moscow									ДГУ						
book	musaev2018	Мусаев, Кенесбай М.	Ногайско-русский словарь	2018	Nogai-Russian dictionary	Наука	Moscow												Chiara Naccarato	17.12.2021		
misc	musaeva2010	Мусаева, Зухра Х.	Служебные части речи в даргинском и английском языках	2010	Auxiliary parts of speech in Dargwa and English	ИЯЛИ	Makhachkala										Автореферат диссертации на соискание учёной степени кандидата филологических наук		Polina Nasledskova	05.05.2022		
book	mutalov2002	Муталов, Расул О.	Глагол Даргинского языка	2002	The verb in Dargwa	Издательско-полигрофический центр ДГУ	Makhachkala															
incollection	mutalov2018	Mutalov, Rasul	The tense/aspect system of Standard Dargwa	2018		Brill	Leiden	49--79	The semantics of verbal categories in Nakh-Daghestanian languages		Forker, Diana and Maisak, Timur								Samira Verhees			
book	naftaliev2016	Нафталиев, Мардахай Н.	Еврейско (джуури)-русский словарь	2016	Juhuri-Russian dictionary	СТМЭГИ	Moscow												Samira Verhees	31.01.2021		
incollection	nichols1994	Nichols, Johanna	Chechen	1994		Caravan Press	Delmar, NY	1--77	The Indigenous Languages of the Caucasus, vol. 4: The Northeast Caucasian Languages, Part 2		Smeets, Rieks											
incollection	nichols1994ingush	Nichols, Johanna	Ingush	1994		Caravan Press	Delmar, NY	79--145	The Indigenous Languages of the Caucasus, vol. 4: The Northeast Caucasian Languages, Part 2		Smeets, Rieks								Polina Nasledskova			
book	nichols2011	Nichols, Johanna	Ingush grammar	2011		University of California Press	Berkeley/Los Angeles															
misc	nicholssite	Nichols, Johanna	Useful phrases in Ingush	2021		University of California Press	Berkeley/Los Angeles										Accessed: 2021-12-17	http://linguistics.berkeley.edu/~ingush/useful_phrases.html	Chiara Naccarato	17.12.2021		
misc	omniglotGM	Ager, Simon	Good morning in many languages	2021													Accessed: 2021-12-17	https://omniglot.com/language/phrases/goodmorning.htm	Chiara Naccarato	17.12.2021		
mastersthesis	pasquereau2010	Pasquereau, Jérémy	Formes spatiales des noms en karata: emplois spatiaux et non-spatiaux	2010												Université Lumière Lyon II			Chiara Naccarato			
misc	pasquereaudraft2020	Pasquereau, Jérémy	Karata	2020		De Gruyter Mouton	Berlin/New York		The Caucasian Languages. An International Handbook. Volume 2. Nakh-Daghestanian		Koryakov, Yuri and Maisak, Timur								Samira Verhees			
misc	polinskydraft2015	Polinsky, Maria 	Tsez Syntax: A Description	2015															Sara Zadykyan			
article	ramattopadze2007	Giacalone Ramat, Anna and Topadze, Manana	The coding of evidentiality: a comparative look at Georgian and Italian.	2007				7--38					Rivista di Linguistica	19	1				Samira Verhees	31.03.2021		
book	ramazanov2010	Рамазанов, Муслим Р.	Агульско-русский словарь	2010	Agul-Russian dictionary	Лотос	Makhachkala												Samira Verhees			
incollection	saadiev1994	Saadiev, Sh. M.	Kryts	1994		Caravan Press	Delmar, NY	407--446	The Indigenous Languages of the Caucasus. Vol. 4: The Northeast Caucasian Languages. Part 2		Smeets, Rieks								Chiara Naccarato	19.08.2021	NOT IN THE FOLDER	author name
book	saidova1973	Саидова, Патимат А.	Годоберинский язык. Грамматический очерк, тексты, словарь	1973	Godoberi. Grammar, texts, dictionary	ИЯЛИ	Makhachkala															
incollection	saidova2001	Саидова, Патимат А.	Ботлихский язык	2001	Botlikh	Academia	Moscow	222--228	Языки Российской Федерации и соседних государств. Энциклопедия в трех томах	The languages of Russia and adjacent states. Encyclopaedia in three volumes									Chiara Naccarato	05.02.2021		
book	saidova2006	Саидова, Патимат А.	Годоберинско-русский словарь	2006	Godoberi-Russian dictionary	ДНЦ РАН Институт языка, литературы и искусства им. Г. Цадасы и Институт эволюционной антропологии им. М. Планка	Makhachkala												Chiara Naccarato	31.01.2021		
book	saidova2007	Саидова, Патимат А.	Закатальский диалект аварского языка	2007	The Zaqatala dialect of Avar	ИЯЛИ	Makhachkala												Samira Verhees			
book	saidova2008	Саидова, Патимат А.	Диалектологический словарь аварского языка	2008	Avar dialect dictionary	Наука	Saint-Petersburg												Polina Smyr	22.08.2021		
book	saidovaabusov2012	Саидова, Патимат А. and Абусов, Магомед Г.	Ботлихско-русский словарь	2012	Botlikh-Russian dictionary	ДНЦ РАН Институт языка, литературы и искусства им. Г. Цадасы и Институт эволюционной антропологии им. М. Планка	Makhachkala												Sara Zadykyan			
book	salimov2010	Салимов, Хангерей Саидович	Гагатлинский говор андийского языка	2010	The Gagatli dialect of Andi	ИЯЛИ	Makhachkala												Samira Verhees		2010 reprint of a 1968 dissertation.	
book	schulze1982	Schulze, Wolfgang	Die Sprache der Uden in Nord-Azerbajdžan	1982		Otto Harrasowitz	Wiesbaden															
misc	schulze2005	Schulze, Wolfgang	A functional grammar of Udi	2005															Polina Nasledskova		NOT IN THE FOLDER	
incollection	schulze2016khinalug	Schulze, Wolfgang	Khinalug	2016		De Gruyter Mouton	Berlin/Boston	3605--3622	Word-Formation. An International Handbook of the Languages of Europe. Volume 5		Müller, Peter O. and Ohnheiser, Ingeborg and Olsen, Susan and Rainer, Franz											
incollection	schulze2016lak	Schulze, Wolfgang	Lak	2016		De Gruyter Mouton	Berlin/Boston	3622--3638	Word-Formation. An International Handbook of the Languages of Europe. Volume 5		Müller, Peter O. and Ohnheiser, Ingeborg and Olsen, Susan and Rainer, Franz										NOT IN THE FOLDER	
incollection	schulze2016udi	Schulze, Wolfgang	Udi	2016		De Gruyter Mouton	Berlin/Boston	3564--3578	Word-Formation. An International Handbook of the Languages of Europe. Volume 5		Müller, Peter O. and Ohnheiser, Ingeborg and Olsen, Susan and Rainer, Franz											
phdthesis	shakhbanova2007	Шахбанова, Джума Н.	Бутринский говор даргинского языка	2007	The Butri dialect of Dargwa											Дагестанский Государственный Педагогический Университет			Chiara Naccarato	19.08.2021	NOT IN THE FOLDER	
incollection	shejkhov1983	Шейхов, Энвер М.	Система послелогов в будухском языке	1983	The system of postpositions in Budukh	Карачаево-черкесский НИИ истории, филологии и экономики	Черкесск	282--287	Система превербов и послелогов в иберийско-кавказских языках	The system of preverbs and postpositions in Caucasian languages	Табулова, Нурья Т. and Темирова, Раиса X.								Anastasia Panova	30.08.2021	NOT IN THE FOLDER	
book	shiralievsevortyan1971	Ширалиев, Мамедага Ш. and Севортян, Эрванд В.	Грамматика азербайджанского языка (фонетика, морфология, синтаксис)	1971	Azerbaijani grammar (phonetics, morphology, syntax)	Элм	Baku															
incollection	sosenskaja1999	Сосенская, Татьяна Б.	Сравнительные конструкции	1999	Comparative constructions	Наследие	Moscow	560--568	Элементы цахурского языка в типологическом освещении	Elements of the Tsakhur language in a typological perspective	Кибрик, Александр Е. and Татевосов, Сергей Г.											
incollection	sosenskaja1999num	Сосенская, Татьяна Б.	Числительное	1999	Numeral	Наследие	Moscow	152-180	Элементы цахурского языка в типологическом освещении	Elements of the Tsakhur language in a typological perspective	Кибрик, Александр Е. and Татевосов, Сергей Г.								Polina Nasledskova			
incollection	sosenskaja1999post	Сосенская, Татьяна Б.	Послелог	1999	Postposition	Наследие	Moscow	121--129	Элементы цахурского языка в типологическом освещении	Elements of the Tsakhur language in a typological perspective	Кибрик, Александр Е. and Татевосов, Сергей Г.								Chiara Naccarato	09.02.2021		
incollection	sosenskaja2001	Сосенская, Татьяна Б.	Сравнительные конструкции	2001	Comparative constructions	Наследие	Moscow	408--424	Багвалинский язык. Грамматика, тексты, словари	The Bagvalal language. Grammar, texts, dictionaries	Кибрик, Александр Е. and Лютикова, Екатерина А. and Татевосов, Сергей Г.											
incollection	sosenskaja2001pp	Сосенская, Татьяна Б.	Послеложная группа	2001	Postpositional phrase	Наследие	Moscow	405--407	Багвалинский язык. Грамматика, тексты, словари.	The Bagvalal language. Grammar, texts, dictionaries	Кибрик, Александр Е. and Лютикова, Екатерина А. and Татевосов, Сергей Г.								Polina Nasledskova	05.05.2022		
incollection	sosenskajatatevosov1996	Sosenskaja, Tatjana and Tatevosov, Sergej	Comparative construction	1996		Lincom Europa	Munich/Newcastle	167--169	Godoberi		Kibrik, Alexandr E. and Tatevosov, Sergej G. and Eulenberg, Alexander											
article	sulejmanova2013	Сулейманова, Джавгарат И.	Названия животных в ботлихском языке	2013	Animal names in Botlikh			195--198					Вестник ВЭГУ	65	3				Chiara Naccarato	05.02.2021		
phdthesis	suleymanov1957	Сулейманов, Я. Г.	Грамматический очерк андийского языка (по данным говора с. Риквани)	1957	A grammar sketch of Andi (based on data from the Rikvani dialect)		Moscow									Институт языкознания РАН СССР			Polina Nasledskova			author name
book	sumbatovalander2014	Сумбатова, Нина Р. and Ландер, Юрий А.	Даргинский говор селения Танты: грамматический очерк. Вопросы синтаксиса	2014		Языки славянской культуры	Moscow												Samira Verhees			
book	sumbatovamutalov2003	Sumbatova, Nina R. and Mutalov, Rasul O.	A Grammar of Icari Dargwa	2003		Lincom Europa	Munich															
book	talibov2007	Талибов, Букар Б.	Будухский язык	2007	Budukh	Академия	Moscow															
book	talibovgadzhiev1966	Талибов, Букар Б. and Гаджиев, Магомед М.	Лезгинско-русский словарь	1966	Lezgian-Russian dictionary	Советская Энциклопедия	Moscow												Samira Verhees	31.01.2021		
incollection	tatevosov1996	Tatevosov, Sergej	Attributives	1996		Lincom Europa	Munich/Newcastle	20—35	Godoberi		Kibrik, Alexandr E. and Tatevosov, Sergej G. and Eulenberg, Alexander											
incollection	tatevosov1996b	Tatevosov, Sergei	Quantification	1996		Lincom Europa	Munich/Newcastle	237-255	Godoberi		Kibrik, Alexandr E. and Tatevosov, Sergej G. and Eulenberg, Alexander								Polina Nasledskova			
article	tatevosov2001	Tatevosov, Sergei	From resultatives to evidentials: Multiple uses of the perfect in Nakh-Daghestanian languages	2001				443--464					Journal of Pragmatics	33	3				Samira Verhees			
incollection	tatevosov2001gramtense	Татевосов, Сергей Г.	Аналитические глагольные формы	2001	Analytical verb forms	Наследие	Moscow	105--115	Багвалинский язык. Грамматика, тексты, словари	The Bagvalal language. Grammar, texts, dictionaries	Кибрик, Александр Е. and Лютикова, Екатерина А. and Татевосов, Сергей Г.								Samira Verhees			
incollection	tatevosov2001numerals	Татевосов, Сергей Г.	Числительное	2001	Numeral	Наследие	Moscow	155--159	Багвалинский язык. Грамматика, тексты, словари	The Bagvalal language. Grammar, texts, dictionaries	Кибрик, Александр Е. and Лютикова, Екатерина А. and Татевосов, Сергей Г.											
incollection	tatevosov2007	Татевосов, Сергей Г.	Эвиденциальность и адмиратив в багвалинском языке	2007	Evidentiality and admirative in Bagvalal	Наука	Saint-Petersburg	351--397	Эвиденциальность в языках Европы и Азии: сборник статей памяти Натальи Андреевны Козинцевой	Evidentiality in the languages of Europe and Asia: papers in honor of Natal'ja Andreevna Kozinceva	Храковский, Виктор С.								Samira Verhees			
book	temirbulatova2004	Темирбулатова, Сапияханум М.	Хайдакский диалект даргинского языка	2004	Khaidak dialect of Dargwa	Институт языка, литературы и искусства им. Г. Цадасы	Makhachkala												Polina Nasledskova			
incollection	testelecxalilov1998	Тестелец, Яков Г. and Халилов, Маджид Ш.	Бежтинский язык	1998	Bezhta	Academia	Moscow	44--53	Языки мира. Кавказские языки	Languages of the world. Caucasian languages	Алексеев, Михаил Е. and Климов, Георгий А. and Старостин, Сергей А. and Тестелец, Яков Г.								Chiara Naccarato	18.08.2021		
book	vandenberg1995	van den Berg, Helma	A grammar of Hunzib	1995		Lincom	Munich															
book	vandenberg2001	van den Berg, Helma	Dargi folktales. Oral stories from the Caucaus with an introduction to Dargi grammar	2001		CNWS	Leiden															
incollection	verhees2018	Verhees, Samira	The perfect in Avar and Andi: Cross-linguistic variation among two closely related East Caucasian languages	2018		John Benjamins	Amsterdam	261--280	Tense, aspect, modality and evidentiality: Cross-linguistic perspectives		Ayoun, Dalila and Celle, Agnès and Lansari, Laure								Samira Verhees			
misc	verheesnaccarato2019	Verhees, Samira and Naccarato, Chiara	Towards a tentative origin of animacy markers in Botlikh	2019															Polina Nasledskova		NOT IN THE FOLDER	
incollection	wilson2021	Wilson, Daniel J.	A sketch of Sagada morphology	2021		Институт языкознания РАН	Moscow	386--410	Дурхъаси хазна. Сборник статей к 60-летию Р. О. Муталова	Durqasi χazna. A collection of papers for R. O. Mutalov’s 60th birthday	Майсак, Тимур А. and Сумбатова, Нина Р. and Тестелец, Яков Г.								George Moroz	11.08.2021	NOT IN THE FOLDER	
article	xalidova2017	Халидова, Рашидат Ш.	Лингвистический портрет ботлихского языка	2017	A linguistic portrait of the Botlikh language			77--81					Вестник Академии наук Чеченской республики	34	1				Chiara Naccarato	05.02.2021		
incollection	xalilov1998	Халилов, Маджид Ш.	Цезский язык	1998	Tsez	Academia	Moscow	62--73	Языки мира. Кавказские языки	Languages of the world. Caucasian languages	Алексеев, Михаил Е. and Климов, Георгий А. and Старостин, Сергей А. and Тестелец, Яков Г.											
book	xalilov1999	Халилов, Маджид Ш.	Цезско-русский словарь	1999	Tsez-Russian dictionary	ДНЦ РАН Институт языка, литературы и искусства им. Г. Цадасы и Институт эволюционной антропологии им. М. Планка	Makhachkala												Chiara Naccarato	31.01.2021		
book	xalilov2015	Халилов, Маджид Ш.	Словарь бежтинского языка	2015	A dictionary of the Bezhta language	ДНЦ РАН Институт языка, литературы и искусства им. Г. Цадасы и Институт эволюционной антропологии им. М. Планка	Makhachkala												Chiara Naccarato	31.01.2021	надо проверить все источники этого издательского дома, везде по-разному	
book	xalilovisakov2005	Халилов, Маджид Ш. and Исаков, Исак А.	Гинухско-русский словарь	2005	Hinuq-Russian dictionary	ДНЦ РАН Институт языка, литературы и искусства им. Г. Цадасы и Институт эволюционной антропологии им. М. Планка	Makhachkala												Chiara Naccarato	31.01.2021		
book	xanmagomedovshalbuzov2001	Ханмагомедов, Бейдуллах Г-.К. and Шалбузов, Ким Т.	Табасаранско-русский словарь	2001	Tabasaran-Russian dictionary	Наука	Moscow															
book	yusupov2014	Юсупов, Хизри А. 	Даргинско-русский словарь (рукопись)	2014	Dargwa-Russian dictionary (manuscript)	Институт истории, языка и литературы им. Г. Цадасы	Makhachkala												Polina Smyr	24.08.2021	the file is a preprint version, probably with "wrong" pages (the dictionary appeared as a book in 2017)	comment added by Timur Maisak
book	zhirkov1936	Жирков, Лев И.	Аварско-русский словарь	1936	Avar-Russian dictionary	Государственный институт "Советская энциклопедия"	Moscow												Polina Smyr	22.08.2021		
book	zhirkov1948	Жирков, Лев И.	Табасаранский язык. Грамматика и тексты	1948	The Tabasaran language. Grammar and texts	Издательство Академии наук СССР	Moscow/Leningrad												Polina Nasledskova	05.05.2022		
book	zhirkov1955	Жирков, Лев И.	Лакский язык	1955	Lak	Академия	Moscow															
misc	haukharrisdraft2022	Hauk, Bryn and Harris, Alice C.	Batsbi	2022		De Gruyter Mouton	Berlin/New York		The Caucasian Languages. An International Handbook. Volume 2. Nakh-Daghestanian		Koryakov, Yuri and Maisak, Timur								Tatiana Philippova	11.05.2022		
misc	molochievakomendraft2022	Molochieva, Zarina and Komin, Erwin R.	Chechen	2022		De Gruyter Mouton	Berlin/New York		The Caucasian Languages. An International Handbook. Volume 2. Nakh-Daghestanian		Koryakov, Yuri and Maisak, Timur								Tatiana Philippova	11.05.2022		
book	tagiyev2006a		Azərbaycanca-rusca lüǧet. Dörd cilddə. I cild	2006	Azerbaijani-Russian Dictionary. 4 volumes. Vol. I	Şərq-Qərb	Baku				Tağıyev, M. T.								Tatiana Philippova	11.05.2022		author name
book	tagiyev2006b		Azərbaycanca-rusca lüǧet. Dörd cilddə. II cild	2006	Azerbaijani-Russian Dictionary. 4 volumes. Vol. II	Şərq-Qərb	Baku				Tağıyev, M. T.								Tatiana Philippova	11.05.2022		author name
book	tagiyev2006c		Azərbaycanca-rusca lüǧet. Dörd cilddə. III cild	2006	Azerbaijani-Russian Dictionary. 4 volumes. Vol. III	Şərq-Qərb	Baku				Tağıyev, M. T.								Tatiana Philippova	11.05.2022		author name
book	tagiyev2006d		Azərbaycanca-rusca lüǧet. Dörd cilddə. IV cild	2006	Azerbaijani-Russian Dictionary. 4 volumes. Vol. IV	Şərq-Qərb	Baku				Tağıyev, M. T.								Tatiana Philippova	11.05.2022		author name
book	rudenko1940	Руденко, Борис Т.	Грамматика грузинского языка	1940	A grammar of the Georgian language	Издательство Академии наук СССР	Moscow/Leningrad												Tatiana Philippova	11.05.2022		
incollection	sosenskaja2001advp	Сосенская, Татьяна Б.	Наречие и послелог	2001	Adverb and postposition	Наследие	Moscow	168--172	Багвалинский язык. Грамматика, тексты, словари	The Bagvalal language. Grammar, texts, dictionaries	Кибрик, Александр Е. and Лютикова, Екатерина А. and Татевосов, Сергей Г.								Polina Nasledskova	01.06.2022		
book	baskakov1973	Баскаков, Николай А.	Грамматика ногайского языка. Часть 1. Фонетика и морфология	1973	Nogai grammar. Part 1. Phonetics and morphology	Карачаево-Черкесское отделение Ставропольского книжного издательства	Cherkessk												Chiara Naccarato	07.06.2022		
book	abdullaev2018	Абдуллаев, Иса Х.	Лакско-русский словарь	2018	Lak-Russian dictionary	ИЯЛИ	Makhachkala												Samira Verhees	08.06.2022	NOT IN THE FOLDER	year
book	kibrikkodzasov1988	Кибрик, Александр Е. and Кодзасов, Сандро В.  	Сопоставительное изучение дагестанских языков. Глагол	1988	A comparative study of Daghestanian languages. Verb	Издательство Московского Университета	Moscow												Samira Verhees	09.06.2022		
incollection	murkelinskij1983	Муркелинский, Гаджи Б.	О послелогах-наречиях, выражающих пространственные отношения в лакском языке	1983	Adverb-postpositions expressing spatial relations in Lak	Карачаево-Черкесский ордена "Знак почёта" научно-исследовательский институт истории, филологии и экономики	Cherkessk	183--187	Система превербов и послелогов в иберийско-кавказских языках	The system of preverbs and postpositions in Caucasian languages	Табулова, Нурья Т. and Темирова, Раиса Х.								Polina Nasledskova	15.06.2022	NOT IN THE FOLDER	
book	abdullaev2007	Абдуллаев, Иса Х.	Лакский язык в историко-сравнительном освещении. Морфология	2007	Lak language in historical-comparative perspective. Morphology	Дагестанский научный центр РАН, Институт языка, литературы и искусства имени Г. Цадасы	Makhachkala												Polina Nasledskova	15.06.2022	NOT IN THE FOLDER	
book	alekseev1985	Алексеев, Михаил Е.	Вопросы сравнительно-исторической грамматики лезгинских языков. Морфология. Синтаксис	1985	Problems of the comparative grammar of Lezgic languages. Morphology. Syntax	Наука	Moscow												Maksim Melenchenko	17.08.2022		
article	daniel2021	Даниэль, Михаил А.	Согласование по косвенности в нахско-дагестанских языках: обзор эмпирических данных	2021	Agreement in obliqueness in East Caucasian: A formal survey			102--130					Rhema		2				Rita Popova	07.09.2022	NOT IN THE FOLDER	
incollection	toldova1996	Toldova, Svetlana	Reflexivization	1996		Lincom Europa	Munich/Newcastle	217--226	Godoberi		Kibrik, Alexandr E. and Tatevosov, Sergej G. and Eulenberg, Alexander								Elena Shvedova	16.02.2023		
incollection	kibrik1996trans	Kibrik, Andrei	Transitivity in lexicon and grammar	1996		Lincom Europa	Munich/Newcastle	107--146	Godoberi		Kibrik, Alexandr E. and Tatevosov, Sergej G. and Eulenberg, Alexander								Elena Shvedova	22.02.2023		
incollection	schulze2008	Schulze, Wolfgang	Deictic Strategies in Udi	2008		Академия	Moscow	241--310	Удинский сборник: Грамматика. Лексика. История языка	Udi. Grammar. Lexicon. History of the language	Алексеев, Михаил Е. and Майсак, Тимур А. and Ганенков, Дмитрий С. and Ландер, Юрий А.								Timofey Mukhin	08.03.2023		
book	imnajshvili1963	Имнайшвили, Давид С.	Дидойский язык в сравнении с гинухским и хваршийским языками	1963	Tsez language in comparison with Hinuq and Khwarshi languages	Издательство Академии наук Грузинской ССР	Tbilisi												Timofey Mukhin	08.03.2023		
book	uslar1979	Услар, Пётр К.	Табасаранский язык	1979	Tabasaran	Мецниереба	Tbilisi												Timofey Mukhin	08.03.2023		
book	kurkiev2005	Куркиев, Алимбек С.	Ингушско-русский словарь	2005	Ingush-Russian dictionary	Издательство "Сердало"	Magas												Timofei Dedov	15.03.2023		
book	bekovaetal2009	Бекова, А. И. and Дударов, У. Б. and Илиева, Ф. М. and Мальсагова, Л. Д. and Тариева, М. У.	Ингушско-Русский словарь	2009	Ingush-Russian dictionary	ГП КБР "Республиканский полиграфкомбинат им. Революции 1905 г."	Nalchik												Timofei Dedov	15.03.2023		full names of the authors
misc	ganenkov2021draft	Ganenkov, Dmitry	Chirag Dargwa	2021													manuscript		Maksim Melenchenko	30.03.2023	NOT IN THE FOLDER	
misc	mukhin2020	Mukhin, Timofey	Numerals in Kina Rutul	2020													Higher School of Economics Research Paper No. WP BRP 100/LNG/2020		Maksim Melenchenko	05.04.2023	NOT IN THE FOLDER	
misc	ganenkov2021draft_numerals	Ganenkov, Dmitry	Chirag Numerals	2021													manuscript		Maksim Melenchenko	14.04.2023	NOT IN THE FOLDER	
book	maxmudova2001	Махмудова, Светлана М.	Морфология рутульского языка	2001	Morphology of Rutul	Советский писатель	Moscow												Samira Verhees	22.04.2023	Not in the folder; added for chapter on causatives	
article	sulaibanovsumbatova2022	Сулайбанов, Г. Р. and Сумбатова, Н. Р.	Об одном типологическом раритете: каузатив в цугнинском диалекте даргинского языка.	2022	About a typological rarity: causative in the Tsugni dialect of Dargwa			109--131					Вопросы языкознания	2022	3				Samira Verhees	22.04.2023	Not in the folder; added for chapter on causatives	
incollection	barylnikova2019	Barylnikova, Daria	Periphrastic causative constructions in Mehweb	2019		Language Science Press	Berlin	167--188	The Mehweb language. Essays on phonology, morphology and syntax		Daniel, Michael and Dobrushina, Nina and Ganenkov, Dmitry								Samira Verhees	22.04.2023		
incollection	daniel2019	Daniel, Michael	Mehweb verb morphology	2019		Language Science Press	Berlin	73--116	The Mehweb language. Essays on phonology, morphology and syntax		Daniel, Michael and Dobrushina, Nina and Ganenkov, Dmitry								Samira Verhees	22.04.2023		
article	dobrushina2016	Dobrushina, Nina	Contact-induced usages of volitional moods in East Caucasian languages	2016				559--583					International Journal of Bilingualism	21	5				Pasha Astafiev	01.05.2023		
phdthesis	ibragimova2012	Ибрагимова, Саида С.	Фонетические и морфологические особенности худуцского говора сирхинского диалекта даргинского языка	2012	Phonetic and morphological features of Khuduts idiom of Sirkhin dialect of Dargwa language											Дагестанский государственный педагогический университет			Asya Alekseeva	31.07.2023	NOT IN THE FOLDER	Russian title
article	belyaev2019	Беляев, Олег И.	Место ширинского и амузгинского среди диалектов даргинского языка	2019	The Position of Shiri and Amuzgi among Dargwa Varieties			20-38					Томский журнал лингвистических и антропологических исследований	24	2				Asya Alekseeva	31.07.2023	NOT IN THE FOLDER	
phdthesis	dalgatov2017	Далгатов, Имамурза Х.	Сивухский говор каратинского языка	2017	Sivukh variety of Karata (abstract)											Дагестанский государственный педагогический университет	Автореферат		Maksim Melenchenko	14.10.2023	NOT IN THE FOLDER	
phdthesis	abdulaeva2001	Абдулаева, Индира А.	Ратлубский говор ахвахского языка: Фонетика и морфология	2001	Ratlub variety of Akhvakh: Phonetics and morphology											Дагестанский государственный педагогический университет	Автореферат		Maksim Melenchenko	14.10.2023	NOT IN THE FOLDER	
phdthesis	isakov1981	Исаков, Исак А.	Кусурский диалект аварского языка	1981	Kusur dialect of Avar		Makhachkala									Институт языка, литературы и искусства им. Г. Цадасы Дагестанского федерального исследовательского центра РАН			Maksim Melenchenko	14.10.2023	NOT IN THE FOLDER	school and address added
phdthesis	musalaeva2016	Мусалаева, Джавгарат А.	Фонетические и морфологические особенности салатавского диалекта аварского языка	2016	Phonetic and morphological features of the Salatav dialect of Avar											Дагестанский государственный педагогический университет	Автореферат		Maksim Melenchenko	14.10.2023	NOT IN THE FOLDER	
phdthesis	radzhabova2012	Раджабова, Разият Г.	Фонетические, морфологические и лексические особенности салтинского говора аварского языка: по данным речи села Аркас	2012	Phonetic, morphological and lexical features of the Salta dialect of Avar according to data from the village of Arkas											Дагестанский государственный педагогический университет	Автореферат		Maksim Melenchenko	14.10.2023	NOT IN THE FOLDER	
phdthesis	tagirova2003	Тагирова, Забихат М.	Гергебильский говор аварского языка	2003	Gergebil‘ variety of Avar											Дагестанский государственный педагогический университет	Автореферат		Maksim Melenchenko	14.10.2023	NOT IN THE FOLDER	
book	karimovakhalilov2013	Каримова, Раисат Шихабудиновна and Халилов, Маджид Шарипович	Заимствованная лексика в хваршинском языке	2013	Borrowed lexicon in Khwarshi	Алеф	Makhachkala												Maksim Melenchenko	14.10.2023	NOT IN THE FOLDER	
article	sirazhudinovaataev2007	Сиражудинова, К. К. and Атаев, Борис Махачевич	Имена числительные в некоторых диалектах аварского языка в сравнении с андо-цезскими	2007	Numerals in some dialects of the Avar language in comparison with Andic-Tsezic languages			89–91					Вестник Дагестанского государственного университета	6					Maksim Melenchenko	14.10.2023	NOT IN THE FOLDER	
inproceedings	ganenkovmaisak2008	Ganenkov, Dmitry and Maisak, Timur	Contact-induced morphological change in Agul dialects	2008					Workshop “Morphological Variation and Change in Languages of the Caucasus”										Maksim Melenchenko	14.10.2023	NOT IN THE FOLDER	I'm nor sure it's correct
phdthesis	asaliev2003	Асалиев, Джамалдин А.	Кимильский говор и его место в диалектной системе лезгинского языка	2003	Qimil variety and its place in the dialect system of Lezgian											Дагестанский государственный университет	Автореферат		Maksim Melenchenko	14.10.2023	NOT IN THE FOLDER	
book	arsakhanov1969	Арсаханов, Исраил А.	Чеченская диалектология	1969	Dialectology of Chechen	Чечено-Ингушское книжное издательство	Grozny												Maksim Melenchenko	14.10.2023		
phdthesis	asadova2013	Асадова, Гюльнисе Н.	Каракюринский говор самурского наречия лезгинского языка: фонетика, морфология, лексика 	2013	Karakyure variety of the Samur dialect of Lezgian: Phonetics, morphology, vocabulary											Дагестанский государственный педагогический университет	Автореферат	https://dissercat.com/content/karakyurinskii-govor-samurskogo-narechiya-lezginskogo-yazyka-fonetika-morfologiya-leksika	Maksim Melenchenko	14.10.23	NOT IN THE FOLDER	
phdthesis	aliverdieva2006	Аливердиева, Султанат А.	Фонетические и морфологические особенности гогазского говора лезгинского языка 	2006	The phonetic and morphological features of the Gogaz dialect of Lezgian 											Дагестанский государственный педагогический университет	Автореферат	https://dissercat.com/content/foneticheskie-i-morfologicheskie-osobennosti-gogazskogo-govora-lezginskogo-yazyka	Maksim Melenchenko	14.10.23	NOT IN THE FOLDER	
phdthesis	abdurakhmanova2014	Абдурахманова, Альбина М.	Фонетические и морфологические особенности курушского говора лезгинского языка 	2014	The phonetic and morphological features of the Kurush dialect of Lezgian 											Дагестанский государственный педагогический университет	Автореферат	https://dissercat.com/content/foneticheskie-i-morfologicheskie-osobennosti-kurushskogo-govora-lezginskogo-yazyka	Maksim Melenchenko	14.10.23	NOT IN THE FOLDER	
phdthesis	abdullaeva2019	Абдуллаева, Заира Р.	Меусишинский говор даргинского языка 	2019	Meusishi variety of Dargwa 											Дагестанский государственный педагогический университет	Автореферат	https://dissercat.com/content/meusishinskii-govor-darginskogo-yazyka	Maksim Melenchenko	14.10.23	NOT IN THE FOLDER	
phdthesis	ibragimov2011	Ибрагимов, Александр Г.	Гельмецкий диалект цахурского языка 	2011	Gel’mets dialect of Tsakhur 											Дагестанский государственный педагогический университет	Автореферат	https://dissercat.com/content/gelmetskii-dialekt-tsakhurskogo-yazyka	Maksim Melenchenko	14.10.23	NOT IN THE FOLDER	
phdthesis	karabekov2013	Карабеков, Руслан М.	Захитский говор лезгинского языка 	2013	Zakhit variety of Lezgian 											Дагестанский государственный педагогический университет	Автореферат	https://dissercat.com/content/zakhitskii-govor-lezginskogo-yazyka	Maksim Melenchenko	14.10.23	NOT IN THE FOLDER	
phdthesis	kadibagomaeva2009	Кадибагомаева, Заира А.	Словообразование в сирхинском диалекте даргинского языка: на материале нахкинского, нацинского и цугнинского говоров 	2009	The word formation in the Sirkhe dialect of Dargwa 											Дагестанский государственный педагогический университет	Автореферат	https://dissercat.com/content/slovoobrazovanie-v-sirkhinskom-dialekte-darginskogo-yazyka	Maksim Melenchenko	14.10.23	NOT IN THE FOLDER	
phdthesis	abdulaeva2013	Абдулаева, Зарина А.	Фонетические и морфологические особенности амушинского говора аварского языка 	2013	The phonetic and morphological features of the Amushi variety of Avar 											Дагестанский государственный педагогический университет	Автореферат	https://dissercat.com/content/foneticheskie-i-morfologicheskie-osobennosti-amushinskogo-govora-avarskogo-yazyka	Maksim Melenchenko	14.10.23	NOT IN THE FOLDER	
phdthesis	shakhbanova2011	Шахбанова, Патимат Г.	Фонетические и морфологические особенности карбачимахинского говора даргинского языка 	2011	The phonetic and morphological features of the Karbachimakhi variety of Dargwa 											Дагестанский государственный педагогический университет	Автореферат	https://dissercat.com/content/foneticheskie-i-morfologicheskie-osobennosti-karbachimakhinskogo-govora-darginskogo-yazyka	Maksim Melenchenko	14.10.23	NOT IN THE FOLDER	
phdthesis	shabanova2006	Шабанова, Оксана В.	Шимихюрский говор лезгинского языка 	2006	Shimikhyur variety of Lezgian 											Дагестанский государственный педагогический университет	Автореферат	https://dissercat.com/content/shimikhyurskii-govor-lezginskogo-yazyka	Maksim Melenchenko	14.10.23	NOT IN THE FOLDER	
phdthesis	sultalieva2011	Султалиева, Земфира Мамедьяровна	Фонетико-морфологические и лексические особенности хлютского говора лезгинского языка 	2011	The phonetic-morphological and lexical features of the Khlyut variety of Lezgian 											Дагестанский государственный педагогический университет	Автореферат	https://dissercat.com/content/fonetiko-morfologicheskie-i-leksicheskie-osobennosti-khlyutskogo-govora-lezginskogo-yazyka	Maksim Melenchenko	14.10.23	NOT IN THE FOLDER	
phdthesis	pirmagomedova2013	Пирмагомедова, Аида С.	Гелхенский говор лезгинского языка 	2013	Gelkhen variety of Lezgian 											Дагестанский государственный педагогический университет	Автореферат	https://dissercat.com/content/gelkhenskii-govor-lezginskogo-yazyka	Maksim Melenchenko	14.10.23	NOT IN THE FOLDER	
phdthesis	nurmagomedova2009	Нурмагомедова, Сарижат Г.	Фонетические и морфологические особенности тлохского говора аварского языка 	2009	The phonetic and morphological features of the Tlokh variety of Avar 											Дагестанский государственный педагогический университет	Автореферат	https://dissercat.com/content/foneticheskie-i-morfologicheskie-osobennosti-tlokhskogo-govora-avarskogo-yazyka	Maksim Melenchenko	14.10.23	NOT IN THE FOLDER	
phdthesis	murtazaeva2005	Муртазаева, Динара Абумуслимовна	Фонетические и морфологические особенности ашарского говора лезгинского языка 	2005	The phonetic and morphological features of the Ashar variety of Lezgian 											Дагестанский государственный педагогический университет	Автореферат	https://dissercat.com/content/foneticheskie-i-morfologicheskie-osobennosti-asharskogo-govora-lezginskogo-yazyka	Maksim Melenchenko	14.10.23	NOT IN THE FOLDER	
phdthesis	muradova2003	Мурадова, Джаннат М.	Фонетические и морфологические особенности верхнекарахского говора аварского языка 	2003	The phonetic and morphological features of the Upper Karakhi variety of Avar 											Дагестанский государственный педагогический университет	Автореферат	https://dissercat.com/content/foneticheskie-i-morfologicheskie-osobennosti-verkhnekarakhskogo-govora-avarskogo-yazyka	Maksim Melenchenko	14.10.23	NOT IN THE FOLDER	
phdthesis	muradalieva2009	Мурадалиева, Альфия Велибеговна	Фонетические и морфологические особенности мазинского говора лезгинского языка 	2009	The phonetic and morphological features of the Maza variety of Lezgian 											Дагестанский государственный педагогический университет	Автореферат	https://dissercat.com/content/foneticheskie-i-morfologicheskie-osobennosti-mazinskogo-govora-lezginskogo-yazyka	Maksim Melenchenko	14.10.23	NOT IN THE FOLDER	
phdthesis	mirzamagomedova2007	Мирзамагомедова, Раисат М.	Фонетические и морфологические (именные) особенности нижнемулебкинского говора даргинского языка 	2007	Phonetic and morphological (nominal) features of the Lower Mulebki variety of Dargwa 											Дагестанский государственный педагогический университет	Автореферат	https://dissercat.com/content/foneticheskie-i-morfologicheskie-imennye-osobennosti-nizhnemulebkinskogo-govora-darginskogo-	Maksim Melenchenko	14.10.23	NOT IN THE FOLDER	
phdthesis	ismailova2012	Исмаилова, Аматулла С.	Мугринский говор даргинского языка: фонетические и морфологические особенности 	2012	The Mugri variety of Dargwa: Phonetic and morphological features 											Дагестанский государственный педагогический университет	Автореферат	https://dissercat.com/content/mugrinskii-govor-darginskogo-yazyka-foneticheskie-i-morfologicheskie-osobennosti	Maksim Melenchenko	14.10.23	NOT IN THE FOLDER	
phdthesis	dzhamaludinova2013	Джамалудинова, Айшат Г.	Фонетические и морфологические особенности харахинского говора аварского языка 	2013	The phonetic and morphological features of the Kharakhi dialect of Avar 											Дагестанский государственный педагогический университет	Автореферат	https://dissercat.com/content/foneticheskie-i-morfologicheskie-osobennosti-kharakhinskogo-govora-avarskogo-yazyka	Maksim Melenchenko	14.10.23	NOT IN THE FOLDER	
misc	testelets1980	Тестелец, Яков Г.	Именные локативные формы в дагестанских языках	1980	Nominal spatial forms in the languages of Daghestan												MA thesis, reprinted in 2003		Alexandra Nogina	02.11.23		
misc	hillery1994	Hillery, P. J.	Georgian: The Kartvelian literary language	1994		Languages Information Centre	Pontypridd												Alexandra Nogina	02.11.23		
incollection	khalilov2023a	Khalilov, Madzhid	Akhvakh (Northern dialect) dictionary	2023		Max Planck Institute for Evolutionary Anthropology	Leipzig		The Intercontinental Dictionary Series		Key, Mary Ritchie and Comrie, Bernard							http://ids.clld.org/contributions/33	Darya Tsikh	16.11.23	Available online	
incollection	khalilov2023b	Khalilov, Madzhid	Kryz dictionary	2023		Max Planck Institute for Evolutionary Anthropology	Leipzig		The Intercontinental Dictionary Series		Key, Mary Ritchie and Comrie, Bernard							http://ids.clld.org/contributions/518	Darya Tsikh	16.11.23	Available online	
incollection	khalilov2023c	Khalilov, Madzhid	Kumyk dictionary	2023		Max Planck Institute for Evolutionary Anthropology	Leipzig		The Intercontinental Dictionary Series		Key, Mary Ritchie and Comrie, Bernard							http://ids.clld.org/contributions/72	Darya Tsikh	16.11.23	Available online	
book	mikailov1959	Микаилов, Шихабудин И.	Очерки аварской диалектологии	1959	Essays on Avar dialectology	Издательство Академии наук СССР [Ленинградское отд-ние]	Leningrad												Rita Popova	01.12.23		bibtexkey changed
book	izgijaeva2005	Изгияева, Эдэсо Биньяминовна	Татский язык горских евреев Кавказа. Татско-русский и русско-татский словари	2005	Tat language of the mountain Jews of the Caucasus. Tat-Russian and Russian-Tat dictionaries	Издательство «Юпитер»	Makhachkala												Darya Tsikh	05.12.23		bibtexkey changed
incollection	comrie2004	Comrie, Bernard	Oblique-case subjects in Tsez	2004		John Benjamins Publishing Company	Amsterdam/Philadelphia	113-128	Non-nominative Subjects		Bhaskararao, Peri and Subbarao, Karumuri Venkata								Elena Shvedova	07.12.23		
book	tsibakhashvili1978	Цибахашвили, Георгий И.	Самоучитель грузинского языка	1978	Self-teacher of the Georgian language	Издательство Тбилисского университета	Tbilisi												Svetlana Zemicheva	13.12.2023		
misc	roncero2021	Roncero, Kristian	An audio-visual documentation of Chamalal, a language of Dagestan (Russia). Endangered Languages Archive	2019														http://hdl.handle.net/2196/00-0000-0000-0012-D792-E	Maria Starodubtseva	18.01.2024	Available online	
misc	muravyevdraft	Muravyev, Nikita	Southern Akhvakh, a grammar sketch														unpublished		Maria Starodubtseva	18.01.2024	NOT IN THE FOLDER	
misc	belyaevdraft2019	Belyaev, Oleg	A grammar of Shiri (Manuscript)	2019													unpublished		Maria Starodubtseva	18.01.2024	NOT IN THE FOLDER	
misc	authier2023	Authier, Gilles	The Khnov dialect of Southern Rutul	2023													unpublished		Maria Starodubtseva	18.01.2024		added to the folder
misc	creisselsquest2008	Creissels, Denis	Анкета по нахско-дагестанскому оптативу и императиву. Axaxdərə Akhvakh	2008	Questionnaire on Nakh-Daghestanian optative and imperative. Axaxdərə Akhvakh												unpublished	http://www.deniscreissels.fr/public/Creissels-opt.Akhv.pdf	Chiara Naccarato	07.02.2024	NOT IN THE FOLDER	
incollection	kozintseva2001	Kozintseva, Natalia A.	Imperative sentences in Armenian	2001		Lincom Europa	Munich	245--267	Typology of Imperative Constructions		Khrakovskij, Victor S. 								Chiara Naccarato	07.02.2024	NOT IN THE FOLDER	
book	eldarova1999	Эльдарова, Роза Г.	Лакский глагол (система глагольного словоизменения)	1999	Lak verb (system of verbal inflection)	IPC DGU	Makhachkala												Chiara Naccarato	07.02.2024	NOT IN THE FOLDER	
misc	alekseevaetal2023	Alekseeva, Anastasija and Beklemishev, Nikita and Daniel, Michael and Dobrushina, Nina and Filatov, Konstantin and Ivanova, Anastasija and Maisak, Timur and Melenchenko, Maksim and Moroz, George and Netkachev, Ivan and Sadakov, Ilja	Atlas of Rutul dialects	2023		Linguistic Convergence Laboratory, HSE University	Moscow											https://lingconlab.github.io/rutul_dialectology/index.html	Chiara Naccarato	07.02.2024		
misc	dobrushina2021draft	Dobrushina, Nina	Uses of volitional forms	2021					Grammar of Kina Rutul								unpublished		Chiara Naccarato	09.02.2024	NOT IN THE FOLDER	
incollection	ganenkov2019	Ganenkov, Dmitry	Case and agreement in Mehweb	2019		Language Science Press	Berlin	189-234	The Mehweb language. Essays on phonology, morphology and syntax		Daniel, Michael and Dobrushina, Nina and Ganenkov, Dmitry								Elena Shvedova	15.2.2024		
book	chumakinaetal2007print	Чумакина, Марина Э. and Браун, Д. and Квиллиам, Х. and Корбетт, Г. Г.	Словарь арчинского языка (арчинско-русско-английский)	2007	A dictionary of Archi: Archi-Russian-English	Деловой мир	Makhachkala												Timur Maisak	14.02.2024		see also chumakinaetal2007 online edition
book	dzhamalovsemedov2006	Джамалов, Камал Э. and Семедов, Семед А.	Рутульско-русский словарь (ихрекский диалект)	2006	Rutul-Russian dictionary (Ikhrek dialect)	Экон-Информ	Moscow												Timur Maisak	14.02.2024		
misc	hummatovrindpawlowski2020	Hümmətov (Qrızlı), İsrafil Ə. and Rind-Pawlowski, Monika	Qrızca-azərbaycanca-ingiliscə lüğət	2020	Kryz-Azerbaijani-Enlish dictionary		Baku												Timur Maisak	14.02.2024		no publisher
book	sulejmanov2003	Сулейманов, Надир Д.	Агульско-русский (диалектологический) словарь	2003	Agul-Russian dialectological dictionary	ИЯЛИ ДНЦ РАН	Makhachkala												Timur Maisak	14.02.2024		
book	alekseevazaev2019	Алексеев, Михаил Е. and Азаев, Халил Г.	Ботлихско-русский словарь	2019	Botlikh-Russian dictionary	Academia	Moscow												Timur Maisak	15.02.2024		
book	aliroev2005	Алироев, Ибрагим Ю.	Чеченско-русский словарь	2005	Chechen-Russian dictionary	Academia	Moscow												Timur Maisak	15.02.2024		
misc	bertlani2012		Цоватушинско-грузинско-русско-английский словарь. Том I: a-j	2012	Tsovatush-Georgian-Russian-English Dictionary. Volume I: a-j		Tbilisi				Бертлани, Арсен								Timur Maisak	15.02.2024	In 4 vols. Bertlani is the editor-in-chief.	publisher?
book	bertlani2013		Цоватушинско-грузинско-русско-английский словарь. Том II: k'-k	2013	Tsovatush-Georgian-Russian-English Dictionary. Volume II: k'-k	Saari	Tbilisi				Бертлани, Арсен								Timur Maisak	15.02.2024	In 4 vols. Bertlani is the editor-in-chief.	publisher added, but I'm not sure
book	bertlani2018		Цоватушинско-грузинско-русско-английский словарь. Том III: γ-ʽ	2018	Tsovatush-Georgian-Russian-English Dictionary. Volume III: γ-ʽ	Универсал	Tbilisi				Бертлани, Арсен								Timur Maisak	15.02.2024	In 4 vols. Bertlani is the editor-in-chief.	publisher added, but I'm not sure
misc	bertlani2019		Цоватушинско-грузинско-русско-английский словарь. Том IV (Дополнения): a-ʽ	2019	Tsovatush-Georgian-Russian-English Dictionary. Volume IV (Supplements): a-ʽ		Tbilisi				Бертлани, Арсен								Timur Maisak	15.02.2024	In 4 vols. Bertlani is the editor-in-chief.	publisher?
book	ozdoev1980	Оздоев, Ибрагим А.	Русско-ингушский словарь	1980	Russian-Ingush dictionary	Русский язык	Moscow												Timur Maisak	15.02.2024		
book	bammatov1997	Бамматов, Бурган Г.	Русско-кумыкский словарь	1997	Russian-Kumyk dictionary	ДНЦ РАН	Makhachkala											https://til.im/ru/slovar 	Timur Maisak	15.02.2024	the file is a preprint version, probably with "wrong" pages	
book	garibyan1982	Гарибян, Арарат С.	Русско-армянский словарь: В одном томе 	1982	Russian-Armenian dictionary. In one volume	Айастан	Yerevan												Timur Maisak	17.02.2024	3-е изд.	editor changed to author
book	galstyan1987		Армянско-русский словарь	1987	Armenian-Russian dictionary	Издательство АН Армянской ССР	Yerevan				Галстян, Е. Г.								Timur Maisak	17.02.2024		
book	rayfield2006		A Comprehensive Georgian-English Dictionary (draft version)	2006		Garnett Press	London 				Rayfield, Donald 								Timur Maisak	16.02.2024	Rayfield is the editor-in-chief; the file is a preprint version, probably with "wrong" pages	
book	kogian1949	Kogian, Fr. S. L.	Armenian grammar (West dialect)	1949		Mechitarist Press	Vienna											http://www.nayiri.com/imagedDictionaryBrowser.jsp?dictionaryId=111	Timur Maisak	17.02.2024	Available online	
misc	geoexplanatorydict		Electronic version of Georgian Explanatory Dictionary			Language Modeling Association	Tbilisi											http://ena.ge/explanatory-online 	Timur Maisak	16.02.2024	Available online	
book	rusarmeniandict1954	Амбарцумян, А. А. and Геворгян, М. А. and Потеян, В. А. and Тер-Минасян, Е. Г.	Русско-армянский словарь. Том 1. А—Е	1954	Russian-Armenian dictionary. Vol. 1. A—Ye	Издательство АН Армянской ССР	Yerevan				Агаян, Эд. Б. and Капанцян, Гр. А. and Мелкумян, Р. Л.							http://www.nayiri.com/imagedDictionaryBrowser.jsp?dictionaryId=46 	Timur Maisak	17.02.2024	Authors and editors are different for different volumes.	
book	rusarmeniandict1956	Амбарцумян, А. А. and Геворгян, М. А. and Кусикян, И. Г. and Потеян, В. А. and Тер-Минасян, Е. Г.	Русско-армянский словарь. Том 2. К—О	1956	Russian-Armenian dictionary. Vol. 2. K—O	Издательство АН Армянской ССР	Yerevan				Агаян, Эд. Б. and Казарян, С. К.							http://www.nayiri.com/imagedDictionaryBrowser.jsp?dictionaryId=46 	Timur Maisak	17.02.2024	Authors and editors are different for different volumes.	
book	rusarmeniandict1957	Амбарцумян, А. А. and Геворгян, М. А. and Потеян, В. А. and Тер-Минасян, Е. Г.	Русско-армянский словарь. Том 3. П—Р	1957	Russian-Armenian dictionary. Vol. 3. P—R	Издательство АН Армянской ССР	Yerevan				Гарибян, Арарат С.							http://www.nayiri.com/imagedDictionaryBrowser.jsp?dictionaryId=46 	Timur Maisak	17.02.2024	Authors and editors are different for different volumes.	
book	rusarmeniandict1958	Геворгян, М. А. and Потеян, В. А. and Тер-Минасян, Е. Г.	Русско-армянский словарь. Том 4. С—Я	1958	Russian-Armenian dictionary. Vol. 4. S—Ja	Издательство АН Армянской ССР	Yerevan				Гарибян, Арарат С.							http://www.nayiri.com/imagedDictionaryBrowser.jsp?dictionaryId=46 	Timur Maisak	17.02.2024	Authors and editors are different for different volumes.	
book	abdulaevkhalilov2023	Абдулаев, А. К. and Халилов, Маджид Шарипович	Диалектологический словарь цезского (дидойского) языка 	2023	Dialectological dictionary of Тsez (Dido)	Institute Language, Literature and Arts DFRC RAS	Makhachkala				Халилова, Заира Маджидовна								Svetlana Zemicheva	04.03.2024		preferred transliterations of authors and editor's names and publisher are given in the book 
incollection	kibriktestelec2004	Kibrik, Alexander E. and Testelets, Jakov G.	Bezhta	2004		Caravan Books	Ann Arbor, MI	217-295	The indigenous languages of the Caucasus. Vol. 3: The North East Caucasian languages. Part 1		Job, Michael								Aigul Zakirova	21.03.2024		
incollection	maisak2009	Майсак, Тимур Aнатольевич	Синтаксис и семантика в распределении показателей отрицания (на материале удинского языка)	2009	Syntax and semantics in the distribution of negation markers (on the material of Udi)	Индрик	Moscow	480-495	Логический анализ языка. Ассерция и негация	Logical analysis of language. Assertion and negation	Арутюнова, Нина Д.								Maksim Melenchenko	17.04.2024		
incollection	friedman2021	Friedman, Victor A.	Lak	2021		Oxford University Press	Oxford	201-241	The Oxford Handbook of Languages of the Caucasus		Polinsky, Maria								Maksim Melenchenko	17.04.2024		
incollection	chumakina2021	Chumakina, Marina	Archi	2021		Oxford University Press	Oxford	280-316	The Oxford Handbook of Languages of the Caucasus		Polinsky, Maria								Maksim Melenchenko	17.04.2024		
misc	authier_rutul	Authier, Gilles	Rutul (manuscript)														unpublished		Maksim Melenchenko	17.04.2024		
incollection	ganenkov_maisak2021	Ganenkov, Dmitry and Maisak, Timur	Nakh-Dagestanian Languages	2021		Oxford University Press	Oxford	86-145	The Oxford Handbook of Languages of the Caucasus		Polinsky, Maria								Maksim Melenchenko	02.05.2024		
article	babaliyeva2023_tabasaran	Babaliyeva, Ayten	Standard Tabasaran: short grammar sketch	2023									Languages of the Caucasus	6	1				Maksim Melenchenko	02.05.2024		
misc	harris2018	Harris, Alice	Batsbi Grammatical Sketch	2018													unpublished	https://people.umass.edu/acharris/language-documentation/batsbi-grammatical-sketch/Batsbi%20sketch%20grammar.pdf	Maksim Melenchenko	02.05.2024		
incollection	schulze1994	Schulze-Fürhoff, Wolfgang	Udi	1994		Caravan Press	Delmar, NY	447-514	The North East Caucasian Languages		Smeets, Rieks								Maksim Melenchenko	02.05.2024	NOT IN THE FOLDER	
book	isakov2020	Исаков, Исак Абдулвахидович	Кусурский диалект аварского языка	2020	Kusur dialect of the Avar language	Институт ЯЛИ ДФИЦ РАН, АЛЕФ	Makhachkala												Asya Alekseeva	17.07.2024	NOT IN THE FOLDER	
phdthesis	magomedov2012	Магомедов, Магомед Магомедович	Фонетические и морфологические особенности хотодинского говора гидского диалекта аварского языка	2012	Phonetic and morphological features of the Khotoda idiom of the Gid dialect of the Avar language											ДГПУ			Asya Alekseeva	17.07.2024	NOT IN THE FOLDER	
phdthesis	magomedmansurov2006	Магомедмансуров, Магомедмансур Гаджиевич	Фонетические и морфологические особенности данухского говора аварского языка	2006	Phonetic and morphological features of the Danukh idiom of the Avar language											ДГПУ			Asya Alekseeva	17.07.2024	NOT IN THE FOLDER	
phdthesis	dzhaliliova2011	Джалилова, Зарият Имангазалиевна	Фонетические и морфологические особенности игалинского говора аварского языка	2011	Phonetic and morphological features of the Igali idiom of the Avar language											ДГПУ			Asya Alekseeva	19.07.2024	NOT IN THE FOLDER	
phdthesis	batsalova2013	Бацалова, Хадижат Бацаловна	Фонетические и морфологические особенности ругуджинского говора андалальского диалекта аварского языка	2013	Phonetic and morphological features of the Rugudzha idiom of the Andalal dialect of the Avar language											ДГПУ			Asya Alekseeva	19.07.2024	NOT IN THE FOLDER	
phdthesis	magomedova2013	Магомедова, Самира Имамагомедовна	Фонетические и морфологические особенности оротинского говора аварского языка	2013	Phonetic and morphological features of the Orota idiom of the Avar language											ДГПУ			Asya Alekseeva	19.07.2024	NOT IN THE FOLDER	
phdthesis	yusupova2007	Юсупова, Райханат Магомедовна	Фонетические и морфологические особенности инховского говора аварского языка	2007	Phonetic and morphological features of the Inkho idiom of the Avar language											ДГПУ			Asya Alekseeva	19.07.2024	NOT IN THE FOLDER	
phdthesis	gadzhieva2013	Гаджиева, Аминат Магомедариповна	Фонетические и морфологические особенности кахибского говора аварского языка	2013	Phonetic and morphological features of the Kakhib dialect of the Avar language											ДГПУ			Asya Alekseeva	19.07.2024	NOT IN THE FOLDER	
book	mejlanova1964	Мейланова, Унейзат Азизовна	Очерки лезгинской диалектологии	1964	Essays on the Lezgian dialectology	Наука	Moscow												Asya Alekseeva	19.07.2024		
book	ganieva2008	Ганиева, Фаида Абубакаровна	Курушский говор лезгинского языка	2008	Kurush dialect of the Lezgian language	Институт языка, литературы и искусства им. Г. Цадасы	Makhachkala												Asya Alekseeva	19.07.2024		
book	ganieva2007	Ганиева, Фаида Абубакаровна	Джабинский диалект лезгинского языка	2007	Dzhaba idiom of the Lezgian language	Институт языка, литературы и искусства им. Г. Цадасы	Makhachkala												Asya Alekseeva	19.07.2024		
phdthesis	ibragimova2009	Ибрагимова, Лейла Магомедовна	Мюхрекский диалект рутульского языка	2009	Myukhrek dialect of the Rutul language											ДГПУ			Asya Alekseeva	19.07.2024	NOT IN THE FOLDER	
phdthesis	islamov2014	Исламов, Рейман Атемович	Хновский говор борчинско-хновского диалекта рутульского языка: фонетика, морфология, лексика	2014	Khnov idiom of the Borch-Khnov dialect of the Rutul language: phonetics, morphology, lexicon											ДГПУ			Asya Alekseeva	19.07.2024	NOT IN THE FOLDER	
book	gudava1971	Гудава, Того Евстафьевич	Багвалинский язык	1971	The Bagvalal language	Мецниереба	Tbilisi												Asya Alekseeva	19.07.2024		
incollection	khalilov2023d	Khalilov, Madzhid	Andi (Muni dialect)	2023		Max Planck Institute for Evolutionary Anthropology	Leipzig		The Intercontinental Dictionary Series		Key, Mary Ritchie and Comrie, Bernard							https://ids.clld.org/contributions/316	Asya Alekseeva	19.07.2024		
incollection	khalilov2023e	Khalilov, Madzhid	Lezgian (Quba dialect)	2023		Max Planck Institute for Evolutionary Anthropology	Leipzig		The Intercontinental Dictionary Series		Key, Mary Ritchie and Comrie, Bernard							https://ids.clld.org/contributions/165	Asya Alekseeva	19.07.2024		bibtexkey changed
book	sulejmanov1993	Сулейманов, Надир Джабраилович	Сравнительно-историческое исследование диалектов агульского языка	1993	Comparative study of the dialects of the Agul language	Институт языка, литературы и искусства им. Г. Цадасы	Makhachkala												Asya Alekseeva	19.07.2024		
article	authier2021	Authier, Gilles	Clusivity and the history of personal pronouns in East Caucasian	2021				205-222					Folia Linguistica Historica	55	s42-s1				Asya Alekseeva	11.09.2024	NOT IN THE FOLDER	
incollection	ganenkovetal2008	Ганенков, Дмитрий С. and Ландер, Юрий А. and Майсак, Тимур А.	Удинский язык (ниджский диалект)	2008	Udi (Nizh dialect)	Языки славянской культуры	Moscow	232-259	Малые языки и традиции: существование на грани. Вып. 2. Тексты и словарные материалы	Minority Languages and Traditions. Vol. 2. Texts and dictionary materials	Кибрик, А. Е.						Not sure about the English translation of the booktitile		Elena Shvedova	14.11.2024		
article	roncero2021b	Roncero, Kristian	Gakvarian Chamalal (Dagestan and Chechnya) – Language Snapshot	2021				64-74					Language Documentation and Description	20					Maksim Melenchenko	12.12.2024		bibtex changed
book	moroz2024	Moroz, George	Online Dictionary of Zilo Andi (v1.0.2)	2024		Linguistic Convergence Laboratory HSE University	Moscow	https://lingconlab.github.io/zilo_dictionary/											Samira Verhees	15.03.2025		
book	chechuroetal2019	Chechuro, Ilya and Daniel, Michael and Verhees, Samira	Daghestanian loans database	2019		Linguistic Convergence Laboratory HSE University	Moscow	https://lingconlab.ru/dagloans/											Samira Verhees	15.03.2025		
book	suleymanov2020	Suleymanov, Murad	A Grammar of Şirvan Tat	2020		Dr. Ludwig Reichert Verlag	Wiesbaden												Samira Verhees	02.05.2025		